326,308,313,437,654,464,485,323,418,328,374,329,308,308,308,372,317,538,344,1064,484,315,326,304,308,383,630,572,918,606,858,594,421,335,302,306,497,708,362,395,488,928,477,373,329,304,308,400,449,758,473,689,319,313,568,327,305,306,500,614,414,406,439,537,381,308,330,308,309,347,542,310,306,527,568,309,329,329,304,304,390,395,379,359,322,300,306,304,337,304,306,508,332,364,302,316,313,313,301,336,306,304,394,342,393,425,313,304,302,308
326,312,308,444,639,452,477,319,427,319,375,329,306,309,314,402,315,527,338,1076,488,306,329,306,308,387,649,575,922,606,858,588,434,327,308,308,513,722,354,411,495,907,484,370,334,307,304,413,457,764,461,689,287,316,563,329,308,308,501,603,421,405,441,561,370,306,329,306,308,319,561,318,315,540,564,307,323,334,304,306,393,396,393,357,304,339,308,308,335,307,307,513,317,367,322,301,329,306,306,333,304,310,391,359,394,424,315,304,304,312
329,308,305,426,636,465,473,317,421,323,382,329,306,302,302,399,308,530,333,1061,484,310,329,306,306,382,625,573,917,605,861,593,424,329,306,307,500,725,353,411,488,928,479,375,329,307,306,402,446,740,473,693,331,318,561,326,304,306,507,601,414,375,442,526,380,306,326,307,308,323,555,299,313,525,538,316,316,334,304,313,386,404,386,371,312,318,305,309,323,305,309,507,329,355,306,306,295,313,316,334,308,304,404,386,387,413,308,313,315,309
326,306,305,426,666,462,480,316,436,309,386,327,304,302,304,386,314,538,339,1066,485,308,336,304,304,375,610,578,917,604,854,593,434,327,306,304,484,710,348,413,490,928,485,373,326,307,307,388,444,755,472,693,329,318,564,329,304,307,513,620,408,391,444,542,381,306,326,304,308,340,561,308,331,529,553,309,321,336,302,308,391,386,375,362,322,302,301,305,329,308,307,514,324,369,308,313,299,304,305,327,306,307,404,383,388,437,318,306,306,314
325,308,307,449,650,460,477,314,411,316,380,329,306,307,318,396,316,547,317,1079,487,313,329,307,306,381,643,563,916,601,858,598,427,324,306,307,507,721,362,420,483,919,480,379,326,308,306,381,462,766,465,694,295,313,564,327,307,306,500,610,396,396,436,564,375,318,336,306,309,354,578,318,314,538,531,310,329,322,305,302,383,388,374,365,318,295,313,301,327,304,307,513,332,372,319,313,314,314,304,329,302,309,383,346,401,434,309,290,309,309
335,309,308,436,636,462,469,314,437,318,381,327,304,304,331,408,318,529,338,1076,496,314,329,302,308,391,640,574,916,619,856,594,421,327,305,308,508,729,348,406,488,934,479,383,326,306,308,406,472,769,444,691,299,310,566,327,306,308,495,601,420,400,437,577,373,318,327,308,306,323,552,306,309,537,552,308,318,336,308,313,380,409,382,359,307,319,307,306,327,309,309,503,317,361,308,305,321,314,308,325,306,308,404,364,398,436,308,316,304,314
327,306,309,447,649,458,473,316,436,317,374,329,307,308,316,396,307,538,339,1071,495,314,329,306,308,388,644,576,919,605,865,593,426,327,309,306,499,711,352,407,495,917,480,381,324,302,313,421,464,777,466,693,328,306,564,326,304,306,493,603,407,402,445,540,374,308,326,308,299,322,561,300,318,537,554,306,322,329,306,304,404,394,372,339,305,319,318,319,329,305,305,497,304,369,313,315,318,298,307,336,308,309,384,359,405,432,308,299,296,309
326,306,304,439,657,457,472,323,419,318,381,326,306,304,304,409,308,546,336,1076,488,309,334,305,308,391,631,569,918,610,852,597,433,329,308,308,500,726,354,415,496,937,472,375,329,305,306,409,438,756,470,693,314,308,564,329,300,314,513,613,411,386,436,529,372,317,334,304,309,319,541,291,314,538,563,323,317,326,305,304,383,391,382,359,314,290,299,314,334,304,302,510,323,362,286,309,290,300,305,329,307,304,399,348,393,425,307,296,306,307
324,309,307,438,653,444,486,322,424,323,372,329,306,308,317,403,296,526,354,1082,490,322,326,307,306,372,640,575,922,606,865,590,426,329,308,308,497,722,357,421,490,928,472,381,329,305,308,408,450,770,450,689,315,301,567,329,305,305,495,609,414,405,441,542,371,306,325,308,306,314,555,307,316,529,569,302,316,326,307,304,386,399,372,352,301,322,309,309,329,304,305,513,307,385,313,304,295,308,302,336,313,312,396,370,391,439,311,313,316,308
326,308,308,438,643,470,485,321,420,316,391,327,304,308,308,398,314,527,339,1067,482,308,334,305,309,372,633,566,916,600,856,599,421,333,302,307,513,702,347,404,488,918,477,375,329,307,306,398,457,751,458,702,332,314,566,327,301,306,507,620,406,390,438,547,381,307,327,307,313,328,548,302,327,538,548,318,315,323,302,309,384,388,382,361,308,290,301,308,327,306,309,525,336,371,304,305,308,304,315,327,307,307,386,371,393,424,302,307,305,315
324,306,308,439,653,467,477,318,411,316,381,326,306,305,323,391,302,535,327,1088,487,306,329,306,306,396,619,582,919,610,844,599,434,329,306,313,493,725,342,419,497,907,466,370,334,304,308,418,449,772,463,694,295,308,561,329,304,307,510,600,414,407,426,566,383,309,329,304,302,329,553,308,314,538,562,309,322,327,304,304,383,391,386,363,310,331,309,309,327,305,306,504,314,345,322,314,313,308,309,330,306,308,394,356,402,439,309,300,308,313
326,307,308,446,658,470,476,313,447,313,381,327,308,312,321,408,313,538,314,1085,485,313,329,307,307,389,628,578,929,613,846,600,434,329,307,309,498,732,334,415,487,922,480,376,327,305,304,410,453,769,463,702,300,310,566,324,305,306,512,605,410,399,445,545,380,312,327,300,308,319,577,308,314,547,553,307,322,327,306,313,382,408,386,346,308,309,314,304,327,306,306,513,322,365,319,306,313,313,302,327,304,306,396,338,390,439,323,304,300,314
335,307,308,436,652,463,484,313,421,313,380,327,308,306,323,421,300,555,323,1074,487,322,329,309,309,380,628,575,919,607,849,588,424,334,306,308,513,721,348,413,497,907,479,383,329,309,304,405,449,766,473,696,319,309,561,329,305,315,496,607,406,391,421,548,380,315,330,306,308,322,562,309,322,538,542,319,323,327,308,306,372,394,375,360,301,299,305,309,327,304,300,515,331,367,322,302,310,313,309,329,308,308,386,364,370,436,316,309,309,315
327,306,302,441,653,469,486,319,419,316,372,329,308,308,299,391,323,536,322,1070,485,308,326,304,306,367,624,567,934,603,849,592,421,329,309,307,500,728,340,414,496,928,485,375,329,300,308,406,434,750,466,694,309,313,564,329,302,307,516,616,386,398,434,555,385,309,327,308,313,331,546,316,313,529,537,316,314,329,307,308,391,401,391,373,308,304,304,307,329,302,313,524,347,365,302,309,306,313,304,321,309,308,394,373,386,413,306,308,308,309
327,308,314,437,659,473,490,331,426,318,375,329,304,306,293,408,323,542,323,1062,484,306,329,305,308,375,631,562,920,601,865,596,424,329,304,306,509,703,340,393,488,934,484,374,335,304,304,404,454,756,460,694,346,323,566,329,308,310,510,614,396,396,421,538,371,313,334,306,309,315,547,301,318,518,540,322,322,336,307,313,381,396,393,357,317,300,308,313,336,308,305,513,327,369,291,313,291,308,306,327,302,305,380,355,374,411,300,285,306,307
327,309,306,441,649,460,478,316,408,317,375,326,305,307,315,404,306,549,327,1088,487,319,329,304,306,373,629,572,916,614,853,601,420,329,304,308,493,716,344,414,488,932,480,382,329,304,308,408,450,750,470,692,319,313,566,330,307,308,508,606,391,399,432,547,382,317,329,305,309,338,547,299,312,529,538,304,329,334,309,308,394,386,380,362,313,313,307,305,327,309,304,513,327,369,296,318,287,313,313,329,308,308,393,369,371,424,304,300,308,313
327,305,308,444,654,456,468,309,408,316,372,326,306,307,300,414,317,527,327,1076,485,314,334,307,308,372,639,578,916,606,855,601,421,335,304,306,504,720,353,413,495,921,484,375,323,306,306,407,456,754,465,693,323,314,566,327,307,308,503,610,402,394,439,553,381,309,327,306,313,344,569,300,317,525,549,316,324,329,307,305,393,395,371,355,313,281,313,309,329,300,308,504,314,369,314,309,316,313,310,325,306,309,399,355,395,450,307,312,302,308
326,313,308,447,633,465,473,321,417,321,371,330,307,308,318,414,313,540,330,1071,484,313,327,304,305,373,628,590,934,604,849,592,421,326,308,309,495,728,348,404,496,918,485,380,329,304,305,404,466,769,456,696,293,307,562,329,308,306,479,614,414,383,436,563,372,309,327,306,307,318,536,327,318,530,547,315,319,326,308,304,390,398,386,355,313,318,302,306,336,301,308,504,331,370,307,306,308,302,304,323,305,306,399,369,388,435,310,307,305,308
325,306,309,434,649,469,473,318,409,313,381,327,307,306,334,390,329,540,327,1074,490,314,329,304,306,385,649,572,922,601,834,589,425,326,306,304,509,729,352,421,497,917,476,371,327,308,309,409,447,764,466,697,343,307,564,327,308,307,503,617,399,381,445,551,375,315,335,307,308,316,548,295,319,535,541,315,323,326,305,313,396,399,371,353,309,318,308,316,326,306,308,495,313,362,313,313,305,306,313,336,306,308,376,355,378,414,305,314,300,313
329,307,307,427,654,475,472,304,426,314,380,329,306,306,327,404,295,552,318,1101,488,313,329,304,307,373,643,575,927,605,842,592,427,327,304,309,512,721,345,408,495,916,478,373,330,302,308,418,462,771,457,694,299,302,561,327,304,304,497,601,398,391,444,547,372,309,326,306,313,348,574,313,313,541,555,322,323,336,308,307,382,408,381,354,323,314,318,309,327,305,305,498,313,353,295,308,308,302,306,325,307,307,400,368,395,420,318,308,300,309
327,304,310,437,663,473,488,323,413,317,374,330,302,309,308,409,328,566,329,1073,484,312,329,301,304,385,630,572,914,605,853,594,437,326,305,304,507,714,352,423,487,932,477,380,327,304,309,414,456,766,470,689,332,304,561,329,306,308,513,606,413,400,438,549,386,314,329,308,312,299,567,310,304,547,552,318,316,329,307,304,382,411,364,361,329,313,308,313,336,300,301,514,308,361,305,306,299,308,302,326,304,308,395,359,381,438,313,300,302,314
329,308,312,436,678,464,485,308,411,316,371,329,307,309,304,414,304,561,313,1074,490,313,334,306,308,391,636,587,937,610,844,594,427,336,307,306,498,739,346,413,488,928,478,372,336,304,308,421,450,766,457,675,347,314,556,329,306,308,515,594,409,391,439,540,372,313,326,304,300,322,567,322,293,537,572,322,323,327,306,302,381,413,388,359,299,321,309,309,329,306,306,503,304,359,309,307,299,308,308,329,308,307,407,386,369,426,313,318,313,314
335,308,304,445,658,469,484,318,427,313,372,326,308,307,300,411,300,542,322,1067,499,311,326,308,308,399,647,575,931,603,848,587,424,326,306,308,503,732,345,400,496,916,473,371,329,305,308,413,458,766,465,689,306,323,559,329,308,308,524,613,388,378,433,529,381,309,326,304,302,317,548,316,304,529,540,313,318,329,305,308,369,405,386,369,316,322,300,308,327,306,308,507,313,356,321,305,312,314,313,329,306,309,395,378,361,427,302,318,306,308
334,306,309,447,673,488,493,318,411,318,371,327,306,306,300,395,316,554,338,1087,491,304,336,302,306,393,649,574,922,604,853,601,434,327,306,309,496,725,334,408,491,918,486,370,325,306,304,405,445,766,479,689,319,314,564,329,308,306,502,609,400,385,436,548,384,313,329,304,307,317,541,338,314,539,541,310,322,327,304,313,390,419,391,370,314,309,287,302,326,306,308,523,318,372,309,304,309,299,308,329,308,304,381,372,386,427,318,293,309,307
329,306,308,442,658,477,479,314,424,321,375,329,309,306,318,395,323,562,333,1070,488,310,329,305,309,399,618,582,927,605,852,597,434,336,304,308,498,703,354,405,487,933,483,357,326,307,306,390,434,777,472,692,342,318,564,327,308,306,513,619,398,390,427,542,387,315,327,304,300,318,549,290,317,537,548,313,328,329,306,308,388,417,395,367,317,308,314,308,334,308,309,504,340,372,304,304,300,306,300,327,300,304,383,361,369,427,306,300,299,309
329,308,308,444,658,476,485,319,401,313,373,327,308,301,319,390,323,556,322,1086,488,318,329,304,304,394,627,575,922,609,848,598,436,329,307,311,495,729,354,417,490,922,483,381,326,308,308,404,457,756,462,679,317,318,559,327,308,306,503,598,407,386,442,539,380,309,329,300,305,313,564,308,311,542,548,323,318,329,306,306,400,413,382,361,302,286,318,313,326,306,307,505,332,368,300,304,316,308,314,326,313,309,386,372,395,419,316,316,321,314
329,306,306,425,669,465,493,318,426,311,369,329,306,307,314,408,304,527,332,1070,499,312,329,306,308,399,627,576,918,607,860,594,436,327,306,308,485,740,348,420,499,916,484,372,326,304,306,408,449,765,465,683,345,313,558,329,308,306,502,610,404,390,434,540,375,314,326,304,316,337,549,296,318,526,552,304,323,327,307,305,404,374,395,359,295,300,308,314,335,306,309,497,332,371,304,319,308,314,309,327,306,308,396,354,381,418,314,299,304,310
329,308,308,438,666,457,479,316,421,308,372,329,306,313,316,400,313,533,334,1071,500,315,326,307,306,398,636,576,912,605,860,592,435,329,308,308,513,720,355,400,498,918,485,375,327,304,309,404,449,747,447,673,306,310,554,334,306,306,509,593,404,395,436,562,370,308,334,307,305,336,540,304,302,525,547,323,331,326,304,304,386,385,369,343,318,314,309,315,336,306,306,478,311,368,313,309,331,308,302,329,308,313,385,362,371,427,308,322,304,316
327,308,308,441,649,438,469,316,435,319,371,333,306,301,302,414,304,518,331,1073,495,313,327,308,308,404,648,580,900,605,822,590,436,327,304,310,497,735,353,400,495,932,484,373,334,306,308,404,445,740,457,683,278,304,552,330,306,314,498,590,400,381,421,536,369,304,329,304,301,319,523,313,309,529,549,328,321,329,308,309,359,400,372,361,300,305,309,317,327,304,306,487,313,369,317,300,327,318,309,335,306,309,393,382,385,433,318,305,313,308
329,302,302,418,640,447,469,313,408,319,360,329,308,308,323,393,295,501,334,1076,497,316,327,304,307,386,631,578,909,601,845,596,427,334,308,308,490,741,336,396,490,922,473,375,329,304,309,402,445,741,450,665,302,308,559,329,304,314,485,593,399,386,426,540,371,301,329,304,313,318,513,308,302,510,563,309,330,326,308,306,362,404,384,362,308,313,295,309,335,299,306,488,315,362,304,304,319,313,314,334,307,308,400,381,375,439,307,313,314,313
334,307,304,409,452,369,396,301,434,318,380,326,306,306,313,372,306,435,337,1011,479,309,330,307,313,369,594,527,833,599,818,592,418,329,307,309,496,720,302,383,484,907,472,375,336,306,307,372,457,618,395,553,308,314,547,329,308,306,439,568,371,365,396,486,373,315,329,304,314,343,410,316,299,427,473,322,332,327,305,305,337,359,331,348,308,330,314,313,326,300,307,423,313,345,302,299,316,315,309,327,309,312,373,371,352,414,308,328,313,311
329,306,306,395,437,394,390,313,417,323,373,333,309,306,306,368,304,411,365,978,483,318,336,306,306,381,583,521,815,572,820,587,424,327,304,306,476,718,306,372,477,900,473,369,336,306,308,371,462,627,391,527,319,338,554,329,306,299,454,567,371,381,399,500,368,304,329,307,309,318,382,314,312,433,488,317,337,336,302,308,340,364,347,341,302,291,312,305,321,300,307,434,327,348,313,309,298,302,306,329,308,304,386,340,369,418,308,317,308,318
327,308,304,408,442,391,390,306,419,319,374,329,306,308,300,368,300,420,355,1000,480,313,329,304,309,375,590,535,861,580,820,588,419,327,307,310,485,714,316,383,486,910,480,372,327,306,308,372,460,644,391,553,286,322,559,334,306,306,465,568,362,371,408,504,365,309,338,309,307,324,420,307,316,426,477,304,324,329,308,306,354,365,318,361,309,331,304,318,329,300,308,436,304,361,308,306,300,313,308,329,308,307,387,365,361,425,304,313,308,307
324,304,308,406,449,401,406,308,411,323,383,326,308,304,300,368,313,442,354,996,487,309,329,305,306,383,592,529,853,574,827,587,419,326,306,307,486,702,323,386,485,920,473,374,329,305,306,368,451,654,395,566,313,323,561,327,306,315,485,580,384,372,409,517,369,306,326,307,308,316,420,307,315,435,473,313,329,334,304,309,354,380,345,354,302,329,302,321,326,308,307,447,296,359,313,308,306,313,312,330,305,307,388,369,388,419,315,337,315,314
336,308,307,413,472,409,411,323,400,323,369,329,307,309,308,354,322,447,362,1017,479,313,322,304,308,369,596,529,861,580,827,594,418,327,306,306,497,712,328,386,480,919,475,372,329,307,306,369,457,650,409,577,314,316,562,327,304,308,483,593,362,384,413,512,386,313,327,306,314,340,425,302,307,452,483,309,332,327,307,309,369,359,344,348,318,290,309,306,322,306,314,456,318,371,313,304,316,304,307,329,308,308,390,340,399,424,305,295,304,308
329,308,304,408,463,420,398,314,424,328,381,324,306,314,307,385,293,446,353,1020,487,302,327,306,307,381,587,538,884,590,827,590,421,325,306,309,493,710,321,413,488,922,475,365,334,304,313,391,465,664,410,582,292,319,568,326,307,309,485,575,368,375,401,504,371,314,329,304,309,313,436,307,295,473,499,313,323,326,306,308,367,380,355,346,307,318,316,313,326,308,306,462,304,359,299,314,309,302,318,325,306,306,395,361,395,424,314,299,302,315
327,306,308,427,537,418,439,316,408,314,381,327,306,307,296,371,308,496,343,1037,493,315,330,300,306,381,594,563,878,596,834,592,436,329,307,302,485,707,327,413,484,922,485,381,326,307,306,399,437,698,444,625,318,317,566,326,307,304,497,592,369,391,424,499,373,309,336,305,316,329,513,302,337,508,552,318,318,329,313,300,385,372,352,356,327,278,306,305,329,304,309,498,314,356,309,314,307,308,306,329,302,308,383,361,404,436,304,318,315,313
329,305,306,425,590,457,457,300,419,316,391,326,309,313,308,395,305,513,338,1058,485,312,329,308,306,371,628,552,922,600,832,592,424,327,308,307,505,706,337,391,495,920,475,369,327,305,308,413,458,726,447,645,317,308,564,330,306,305,513,600,380,393,421,537,369,306,329,306,305,342,536,308,313,523,566,315,322,329,305,308,382,408,386,357,308,318,306,316,326,305,318,499,302,357,308,308,299,315,313,326,308,306,394,362,391,421,306,319,312,308
325,304,309,434,593,464,450,317,411,314,381,326,304,308,323,374,319,517,341,1073,499,317,329,307,306,395,625,548,907,604,852,594,436,327,304,304,497,710,340,401,496,921,477,375,329,304,308,409,452,730,454,649,323,306,569,327,304,304,496,607,368,395,418,542,376,305,326,312,306,323,537,302,319,525,562,316,323,329,307,306,370,393,369,374,323,294,295,309,336,308,306,508,321,363,306,309,302,300,313,326,309,308,387,345,394,436,302,291,308,310
329,309,305,447,578,444,460,313,408,312,375,329,316,306,318,369,302,517,338,1070,498,318,324,304,305,383,612,555,906,601,843,600,437,333,300,307,491,705,345,400,496,931,484,374,326,306,307,408,434,731,463,652,306,324,569,327,307,305,491,594,371,387,424,539,371,314,334,301,302,295,516,299,318,526,558,316,323,335,305,307,385,381,384,357,322,291,291,309,329,300,306,499,314,359,313,314,327,308,304,325,308,306,391,344,393,434,300,317,300,308
326,334,308,423,304,361,496,317,600,355,387,329,309,304,312,323,313,628,329,1035,525,315,329,306,306,386,598,639,922,668,877,609,465,329,306,308,478,698,332,575,571,1059,498,385,329,308,306,616,446,716,580,601,318,359,537,329,308,309,556,499,445,569,530,465,347,319,336,304,300,331,618,696,305,314,572,310,337,327,308,309,364,375,387,445,426,310,304,308,334,313,304,372,316,368,295,322,328,300,314,327,300,306,306,345,354,404,315,329,304,313
329,339,308,437,304,369,497,310,605,359,371,326,300,306,302,322,313,630,331,1050,527,316,336,306,309,381,614,632,918,658,872,610,465,329,311,309,476,684,329,548,569,1067,500,381,336,306,308,607,444,723,591,600,328,357,537,325,309,304,566,497,441,591,538,454,362,322,334,308,308,310,627,703,314,302,589,313,338,326,308,307,368,372,391,451,394,316,306,308,326,302,308,354,306,372,317,309,324,306,305,336,305,308,313,362,329,369,308,304,331,305
329,334,307,436,322,384,502,316,601,347,381,329,304,308,307,315,329,649,346,1058,525,308,326,304,307,383,592,631,918,666,898,614,473,330,305,306,473,696,348,547,573,1079,509,381,326,306,308,605,437,702,618,603,360,359,541,329,304,309,555,495,442,575,535,434,372,313,327,308,307,313,607,714,338,314,582,306,323,324,304,302,383,364,374,451,404,322,306,300,329,308,308,371,309,374,294,322,283,305,306,319,304,304,302,336,332,357,307,295,309,307
326,334,307,436,308,375,500,304,605,352,372,327,308,306,314,327,291,616,332,1057,527,315,336,305,308,391,592,629,922,666,886,609,473,329,308,309,477,702,318,582,573,1058,510,379,330,308,302,627,447,717,610,583,352,352,535,329,308,307,556,487,456,552,533,447,348,319,327,308,308,313,619,706,302,306,593,310,330,327,305,306,381,372,381,433,408,315,299,308,329,307,304,359,280,353,308,312,331,305,313,330,304,309,324,354,296,369,309,330,308,304
336,337,307,426,309,385,509,304,613,354,382,327,308,308,304,323,307,640,334,1043,513,306,333,305,307,381,588,624,928,653,884,605,473,329,305,309,478,684,332,553,564,1073,503,373,327,307,302,598,427,711,605,603,345,355,540,329,308,308,569,500,439,567,537,454,352,316,329,304,307,331,627,707,309,316,562,316,331,327,304,305,369,393,395,460,399,348,301,313,336,309,306,361,300,356,304,318,300,306,313,329,306,309,306,359,313,375,305,312,309,306
326,333,308,420,327,375,503,322,590,345,383,329,304,309,308,321,318,644,342,1054,513,314,327,304,308,386,600,620,918,662,907,606,473,329,306,302,477,693,340,575,568,1082,504,385,335,309,314,607,427,706,605,598,367,355,540,335,305,304,561,499,441,575,538,438,348,323,329,307,309,304,610,706,327,315,574,317,332,329,308,304,370,372,381,441,408,317,295,304,330,304,309,361,307,369,304,309,301,308,313,326,304,313,313,348,318,343,313,295,313,313
326,338,308,441,323,360,498,314,590,344,371,335,304,304,317,321,301,632,340,1050,517,316,329,304,308,393,592,639,905,663,893,614,473,326,308,316,472,692,339,564,576,1069,512,383,326,308,308,619,421,711,593,593,322,348,536,329,306,313,563,486,449,592,538,457,359,321,326,302,299,314,623,693,301,319,579,308,331,325,306,306,371,371,365,419,405,318,313,313,336,301,305,354,304,360,314,314,336,313,309,334,307,304,302,340,316,360,309,319,316,308
329,331,308,419,315,368,496,317,592,353,384,330,300,306,305,317,328,643,344,1035,513,314,327,308,307,381,587,624,906,666,902,610,470,336,306,304,466,698,343,569,564,1073,507,374,329,304,306,618,427,704,601,601,354,355,547,326,304,307,547,488,439,590,539,441,359,323,329,306,313,307,610,705,310,321,603,308,329,327,304,308,375,381,386,447,424,287,309,304,329,305,314,363,313,381,304,318,300,301,300,325,306,307,313,344,331,371,309,308,307,316
327,332,309,449,316,361,505,323,605,359,375,327,300,309,323,323,315,631,347,1055,513,316,329,304,306,388,601,631,918,665,886,614,476,326,306,309,470,694,348,582,578,1082,512,383,327,304,300,618,441,711,603,601,345,357,539,329,307,301,549,482,445,599,541,465,365,330,334,307,307,294,617,694,317,323,606,307,330,326,304,308,372,374,396,439,413,302,318,314,336,307,302,356,316,369,304,309,308,308,302,337,301,308,317,339,313,371,313,299,308,308
329,336,304,424,305,371,505,305,601,355,386,329,305,306,313,329,318,625,324,1050,516,312,329,308,305,383,601,631,928,653,879,601,463,329,302,306,480,702,323,542,568,1053,503,381,326,309,309,607,462,716,593,601,329,361,529,326,306,307,569,488,445,574,538,438,361,327,329,308,304,309,628,702,304,304,582,318,328,327,306,306,361,385,393,449,406,332,304,316,329,306,308,359,286,357,337,304,314,308,314,336,306,307,319,342,315,374,310,293,309,309
323,338,306,435,318,371,493,308,577,346,372,323,305,305,316,323,302,630,318,1053,521,309,327,308,308,387,609,644,916,662,891,613,473,326,305,306,477,683,332,551,578,1035,504,380,329,304,306,616,445,712,590,592,345,361,538,327,306,306,555,487,451,589,542,472,357,316,326,304,308,319,621,706,314,317,601,321,328,327,313,304,365,381,380,441,400,344,309,318,329,306,306,357,299,369,318,299,302,304,304,322,305,309,315,355,315,383,322,323,315,308
329,331,310,424,323,381,493,313,605,353,369,329,304,304,316,333,315,625,346,1043,517,318,334,308,308,386,601,627,921,668,873,610,469,329,306,308,477,696,334,548,569,1064,502,384,329,300,313,617,450,710,574,592,314,354,538,326,308,304,554,490,456,574,535,476,361,318,330,307,306,308,624,700,306,317,601,316,331,329,308,306,362,382,379,454,406,332,300,310,329,304,314,369,313,369,319,299,313,302,304,337,304,307,295,344,323,374,319,302,318,313
329,332,301,424,307,372,521,308,603,355,375,329,313,308,313,317,310,631,337,1035,513,313,326,306,307,380,601,627,902,663,878,619,466,329,307,308,464,689,342,548,564,1083,508,382,329,305,306,601,427,705,603,598,330,365,540,327,308,306,559,501,447,568,524,457,361,318,329,304,308,321,614,706,304,318,576,308,328,326,306,308,362,379,387,426,418,347,309,306,327,308,312,369,322,386,304,316,319,314,308,318,304,308,318,340,316,355,295,308,302,308
327,334,308,439,328,359,485,304,596,348,370,336,304,304,318,332,299,636,348,1043,513,313,330,307,308,373,605,636,909,658,883,610,469,335,308,307,470,698,327,548,569,1054,508,380,326,312,308,609,439,716,589,605,308,359,537,329,308,304,561,501,445,601,540,463,359,314,327,308,307,318,625,725,319,327,594,312,331,326,306,308,369,373,372,420,414,313,318,313,329,304,306,348,323,371,331,322,339,309,317,322,307,308,313,344,318,362,318,315,314,313
329,334,309,434,318,369,503,316,587,348,373,326,306,304,313,316,319,640,354,1035,517,314,329,304,306,391,599,622,907,667,906,612,472,326,304,309,462,689,338,554,575,1069,510,390,327,306,309,614,435,706,603,601,354,353,540,329,304,305,564,497,449,590,539,441,370,331,327,304,306,300,623,691,322,306,588,304,331,326,304,309,375,382,375,462,408,319,304,314,336,306,309,372,302,374,295,309,299,300,305,326,304,307,308,342,315,357,300,299,304,313
329,340,307,435,302,372,499,304,592,359,380,336,308,308,308,309,317,654,340,1064,518,318,326,304,307,390,605,638,899,666,913,614,472,329,308,314,465,706,344,567,572,1062,517,382,327,307,306,610,447,694,601,603,359,355,535,329,305,306,559,493,421,590,542,461,368,323,327,306,308,304,614,689,334,309,588,306,331,327,308,307,383,380,386,445,399,339,301,309,324,315,302,361,291,380,308,309,292,301,304,334,309,307,300,344,307,355,295,294,307,322
329,332,305,413,313,368,507,313,609,355,369,326,304,306,308,318,304,628,317,1035,517,309,329,308,308,381,580,632,910,658,877,606,463,326,306,309,478,692,323,548,563,1083,503,372,330,307,306,605,444,704,579,592,340,354,540,327,305,308,562,493,447,582,526,465,362,318,327,309,306,316,618,689,300,308,582,313,331,329,307,313,354,384,384,454,411,330,306,308,327,306,309,368,295,368,309,308,305,309,312,336,304,311,318,356,319,368,322,301,321,310
335,336,310,434,316,362,500,306,589,348,372,329,302,308,314,334,309,620,352,1048,523,314,325,306,307,390,603,631,922,653,904,616,475,329,308,304,469,693,355,552,575,1054,505,380,330,305,306,607,447,705,606,601,319,348,541,329,304,308,554,498,452,589,529,451,364,319,329,304,308,302,620,693,313,315,603,317,332,327,302,306,359,384,393,451,418,321,306,312,326,308,306,360,304,365,300,319,296,306,300,329,302,309,302,347,308,354,306,292,314,317
326,334,308,426,312,356,487,304,578,355,381,334,309,306,316,328,305,624,348,1057,521,319,327,308,306,381,605,640,907,658,900,616,469,336,306,308,478,698,344,561,571,1062,508,381,329,304,306,609,438,706,588,598,323,356,538,326,306,304,552,496,450,582,540,463,361,316,329,307,306,308,619,678,306,316,592,322,331,326,304,304,362,380,373,418,404,323,315,313,329,306,308,347,306,363,306,313,306,316,304,323,302,308,314,339,321,393,307,333,304,308
325,339,307,423,317,368,503,318,604,362,375,334,306,308,308,307,318,614,334,1043,503,308,334,308,306,372,590,621,916,653,893,613,463,327,304,304,480,683,340,555,564,1070,509,381,329,305,308,592,451,703,592,605,345,362,547,334,308,308,574,500,436,566,533,449,365,329,336,304,307,316,616,689,316,313,569,307,322,327,307,306,374,383,370,454,409,309,313,313,333,308,308,360,308,372,290,314,299,309,314,324,304,308,313,361,319,348,304,300,308,309
329,339,309,438,313,359,508,319,580,354,371,327,308,309,319,314,319,639,334,1047,516,318,327,308,309,387,578,630,899,667,894,614,475,326,305,306,465,693,340,562,576,1067,513,385,334,304,307,609,438,713,606,592,342,352,537,329,304,307,558,504,441,598,545,462,357,318,329,310,314,309,624,692,334,322,588,314,322,329,308,304,375,371,376,438,413,306,316,305,326,300,308,364,316,373,302,324,311,295,306,336,306,304,306,361,314,370,304,293,302,314
327,338,308,419,315,368,495,308,606,360,375,329,304,308,312,327,302,620,333,1063,512,313,335,306,307,376,591,628,917,664,883,616,466,327,305,306,479,694,331,552,561,1071,505,382,330,306,309,610,439,703,593,598,331,356,529,329,305,312,562,500,444,589,539,465,352,313,327,310,306,322,623,705,314,323,600,312,328,326,307,307,371,396,386,449,408,323,313,313,327,304,313,354,307,368,318,299,334,306,318,329,308,308,318,359,310,368,304,324,309,314
329,337,304,436,316,359,498,309,588,355,371,334,307,309,318,332,305,620,345,1062,514,314,329,308,308,396,597,630,906,667,916,614,478,326,307,304,483,692,361,541,580,1050,497,381,330,305,308,617,450,711,587,582,347,345,535,327,304,304,553,498,447,583,542,464,368,329,326,304,309,312,623,712,314,313,589,306,331,329,306,309,357,372,371,438,410,307,309,316,329,306,306,364,290,363,304,318,295,299,314,336,306,304,304,348,321,362,306,309,314,313
326,340,305,426,323,357,480,316,593,357,384,329,308,308,321,323,309,640,347,1055,513,309,329,304,307,381,594,627,933,658,895,619,477,327,304,313,472,698,333,526,574,1079,510,385,336,306,312,609,441,706,600,598,327,347,538,329,306,308,553,497,454,596,546,457,357,327,326,306,305,318,614,696,313,316,598,318,327,326,306,300,374,386,381,449,404,319,317,308,334,304,306,348,293,368,302,315,296,308,295,323,306,304,314,363,330,381,308,292,315,313
334,331,306,413,316,386,514,323,601,355,362,329,300,304,308,314,324,614,343,1032,521,313,326,304,308,386,609,643,907,658,898,613,469,327,306,308,475,694,344,546,568,1085,503,382,337,307,309,597,436,702,614,591,344,359,546,327,309,308,554,508,445,578,530,458,372,323,330,308,306,319,614,717,296,313,577,300,331,329,304,308,357,383,399,462,411,322,307,306,329,308,306,373,304,375,295,302,317,318,310,326,304,308,323,369,305,361,313,323,314,313
329,338,308,420,306,369,500,304,601,368,380,326,307,307,308,328,306,624,338,1038,519,309,327,306,309,385,603,625,905,658,878,613,466,336,308,308,478,689,343,527,566,1082,513,375,327,304,308,590,445,691,610,603,342,359,538,329,305,305,555,503,454,574,542,450,361,330,329,308,308,322,607,706,290,305,569,321,329,326,305,308,371,381,384,460,418,340,300,309,329,308,313,372,309,368,315,315,322,316,313,329,300,307,317,369,313,369,309,315,307,300
329,332,312,421,319,375,496,316,579,348,385,329,304,304,309,322,313,627,341,1050,517,318,329,305,306,396,592,625,909,663,886,606,473,329,307,308,464,702,345,569,574,1063,508,390,326,307,309,589,433,700,605,600,360,353,540,327,306,305,548,498,442,594,540,447,360,331,326,306,308,307,603,678,329,314,588,306,331,326,305,313,370,361,365,437,408,308,304,313,327,304,313,359,314,356,299,306,312,304,306,322,304,307,300,334,313,371,327,302,304,314
327,323,304,421,317,359,441,314,548,344,381,334,306,306,321,312,314,580,314,1004,485,316,329,305,307,386,601,555,842,631,865,591,439,329,307,305,473,689,316,485,541,1018,502,369,326,302,306,523,404,625,518,568,330,348,524,326,306,308,502,473,413,478,488,347,348,313,329,304,309,306,542,598,329,304,548,299,331,329,304,313,337,359,343,396,385,304,294,309,327,308,308,365,314,345,294,309,293,308,308,325,304,308,313,317,305,348,301,300,302,308
329,331,309,418,308,371,359,315,515,313,372,336,307,307,323,323,301,515,319,987,488,317,329,308,302,396,601,529,805,624,820,582,413,327,308,306,472,703,318,436,526,978,500,373,327,304,304,496,419,578,454,551,302,342,495,330,304,305,458,445,381,468,463,341,360,310,336,305,306,308,507,514,322,313,529,302,321,327,306,306,344,354,323,369,362,319,307,306,336,305,308,362,316,331,318,310,302,306,316,329,304,310,304,295,304,353,305,318,305,314
327,331,306,414,317,380,405,322,566,318,371,329,306,308,312,308,316,549,318,987,502,309,329,304,308,393,582,548,809,623,846,582,434,329,306,308,465,694,322,449,529,1022,487,373,329,308,307,505,415,605,501,540,334,332,510,327,306,306,488,477,393,483,480,322,354,304,327,304,307,310,529,552,307,313,529,314,333,329,305,306,336,354,343,388,379,330,313,313,329,304,304,369,304,337,308,308,304,306,304,335,304,304,315,304,306,345,302,306,304,308
329,331,306,414,314,388,409,299,582,331,375,335,308,313,307,312,313,566,308,987,503,304,336,306,308,387,587,579,845,631,828,579,439,326,306,304,472,693,318,469,535,1004,495,380,326,304,313,519,439,639,499,555,322,334,525,324,304,309,497,476,400,499,485,380,352,313,327,309,307,319,538,572,318,316,562,313,332,327,307,304,352,348,367,391,369,340,323,313,327,306,306,371,315,345,302,313,308,305,312,327,306,308,302,306,296,342,318,305,306,306
329,331,313,419,304,381,395,316,587,319,372,329,308,314,306,319,299,574,321,1004,498,306,327,306,309,391,597,577,855,639,846,580,444,327,305,308,470,703,322,497,537,1018,497,380,327,305,307,529,438,636,498,555,330,338,522,327,306,309,498,465,404,524,478,356,357,313,327,304,308,318,546,578,306,300,574,314,336,329,304,306,341,363,355,396,380,332,319,316,330,308,304,362,302,344,313,305,314,299,304,336,308,308,308,321,304,369,316,299,313,308
326,333,306,421,308,373,410,305,578,323,373,327,308,308,314,322,300,569,314,1008,515,316,326,307,304,393,607,588,858,639,855,593,445,329,304,308,475,705,318,502,552,996,488,380,326,302,306,538,427,644,495,551,318,341,521,329,302,306,503,465,410,529,498,354,359,318,329,304,307,302,541,580,347,318,548,306,322,329,306,312,355,352,348,391,386,302,306,307,329,304,308,372,316,356,317,306,315,306,309,329,308,304,319,315,304,360,309,318,306,327
327,331,308,408,317,396,405,305,580,330,381,329,309,308,309,316,309,566,310,994,503,308,329,307,306,385,594,577,846,638,845,590,447,329,306,309,472,698,332,469,540,1017,493,370,326,305,312,538,421,631,522,566,316,340,522,329,304,305,509,473,411,530,485,343,359,313,329,308,308,313,552,609,318,307,542,309,332,327,308,306,345,356,368,413,396,328,318,314,327,307,306,368,314,354,308,316,300,309,305,327,309,306,300,304,316,356,313,295,305,313
329,333,308,418,313,386,411,314,589,319,381,329,304,308,314,318,315,569,318,999,518,307,327,306,308,395,590,569,849,631,852,593,449,326,306,307,475,705,322,466,536,1018,490,382,329,305,313,536,437,649,505,555,314,348,530,330,308,309,517,472,409,521,487,341,354,317,329,307,306,309,555,605,334,302,564,313,336,329,304,307,359,361,354,396,385,319,307,308,334,304,307,372,300,357,305,322,312,309,300,335,306,307,313,304,301,348,300,308,306,314
327,334,309,420,309,374,406,316,589,313,384,326,305,304,319,323,304,578,309,1018,521,308,329,306,306,391,598,587,858,644,844,599,456,336,308,307,478,703,324,493,538,1018,493,379,329,307,306,552,444,653,504,554,321,342,526,327,306,308,497,460,418,541,500,352,357,309,327,304,309,299,561,601,302,306,549,317,338,334,306,309,361,368,368,420,386,331,307,322,327,306,304,365,302,352,316,304,319,308,317,325,307,308,314,317,313,363,321,306,304,319
327,332,305,419,302,400,434,316,589,336,372,326,304,306,304,316,313,561,309,1008,513,306,327,306,307,374,607,589,856,638,849,590,453,326,306,308,475,700,308,456,537,1022,498,382,329,302,308,549,432,653,522,564,354,340,526,334,306,308,514,477,411,527,500,362,373,318,327,306,308,314,555,605,309,314,590,306,334,329,304,308,354,359,368,400,381,329,296,314,334,306,309,361,304,342,308,300,318,316,313,322,306,308,304,308,308,359,309,322,304,313
327,307,307,413,304,314,466,309,495,657,371,326,304,306,313,332,318,582,331,1213,689,308,329,308,309,356,590,487,780,605,955,594,437,329,306,308,497,689,314,381,569,834,473,370,334,304,306,457,540,341,667,781,513,566,427,326,306,310,469,517,420,418,414,514,395,304,329,301,306,304,329,360,552,823,575,473,427,326,304,306,354,554,337,449,477,330,343,304,327,306,306,627,376,375,313,304,323,323,310,329,306,308,371,371,375,373,321,315,331,314
329,307,308,418,316,306,486,313,477,666,382,327,308,308,323,323,315,591,340,1222,693,321,329,306,314,361,592,488,780,627,964,600,439,338,309,306,493,695,321,382,566,852,482,383,327,302,309,462,538,345,678,803,525,569,444,327,307,300,473,515,421,411,406,502,387,316,327,305,300,287,340,342,572,816,588,472,434,326,307,304,361,548,327,446,475,331,359,316,327,306,313,631,381,384,334,299,309,319,312,329,304,304,372,362,393,361,318,319,329,322
329,308,313,406,316,314,497,307,502,678,371,336,304,307,308,316,322,588,331,1207,702,310,329,306,308,356,601,487,796,605,972,594,449,329,306,306,497,694,329,381,555,869,465,375,329,304,308,458,529,337,698,799,548,582,456,327,309,306,462,508,436,407,414,508,414,319,336,302,305,304,338,348,566,816,578,450,444,329,308,312,368,555,342,464,498,332,345,311,334,306,308,651,396,383,308,306,291,327,308,329,309,305,355,354,381,356,309,300,308,313
329,308,309,424,313,318,477,319,529,684,371,327,313,306,309,318,310,588,323,1219,702,306,329,306,311,356,613,491,797,613,964,605,449,327,301,304,502,689,309,402,564,861,475,381,334,304,306,465,555,332,684,803,518,593,447,329,306,308,477,512,420,408,405,504,396,308,326,305,304,319,318,355,559,820,566,466,444,326,306,313,361,574,354,477,496,324,341,301,335,304,304,650,374,385,301,313,281,305,313,329,306,302,362,361,373,371,300,314,331,313
329,308,306,419,309,317,475,315,510,694,373,326,308,307,313,313,305,567,306,1226,705,318,329,308,308,348,590,491,785,606,957,592,451,326,308,307,497,693,315,369,559,868,466,380,324,308,313,462,547,332,694,809,567,578,450,327,306,306,477,522,425,420,417,498,393,313,334,304,308,313,321,368,572,827,594,464,445,326,306,306,361,566,345,457,486,339,342,308,329,306,313,654,390,373,290,314,308,305,308,329,307,309,381,365,381,362,308,331,323,308
334,308,309,421,318,313,473,300,510,682,379,327,306,308,308,330,304,590,309,1237,735,316,329,308,306,354,592,499,793,619,959,603,462,336,307,313,498,702,309,365,566,858,477,386,337,302,306,462,545,339,689,814,538,594,447,329,309,308,484,516,418,418,411,535,386,308,329,308,304,331,323,367,567,824,604,473,447,330,306,313,360,582,343,460,498,345,340,308,334,304,308,658,391,373,316,304,329,318,313,337,311,313,375,372,384,354,318,327,342,318
329,306,307,413,313,331,497,323,513,678,381,327,306,308,328,322,307,601,332,1233,715,316,327,306,308,370,593,502,803,618,957,594,454,329,304,313,497,700,313,381,568,874,469,375,329,313,308,465,547,339,702,820,526,592,445,327,305,305,496,521,418,380,418,525,409,307,336,310,307,306,332,368,568,830,597,473,449,329,307,313,367,575,343,472,501,333,369,317,327,307,306,663,399,386,295,308,304,309,305,330,304,308,369,348,374,361,309,306,323,313
327,305,307,418,314,318,482,313,508,693,385,329,306,309,304,323,309,590,336,1226,715,318,329,306,306,362,594,484,794,617,974,598,462,329,306,308,496,689,306,357,568,869,477,379,329,308,313,469,540,340,694,816,548,600,453,322,308,308,487,517,424,411,411,541,411,307,329,304,304,315,340,345,578,830,588,469,446,334,304,307,372,577,347,478,500,331,353,304,327,308,302,666,399,385,308,318,299,308,304,336,304,308,371,369,386,361,293,304,331,314
329,304,306,407,313,317,477,309,508,691,381,329,304,308,317,318,313,592,319,1206,730,304,326,306,308,368,607,488,801,617,964,614,465,329,306,313,498,694,308,359,575,873,477,391,334,308,308,462,547,342,684,829,542,572,445,326,305,306,479,521,420,399,404,508,406,315,329,307,309,321,329,370,582,843,601,467,439,329,304,308,381,582,342,460,465,343,323,308,329,302,308,678,398,384,299,302,307,308,314,329,304,308,356,369,384,337,308,304,338,314
334,307,308,411,308,309,484,314,515,755,381,334,312,308,334,333,309,592,337,1268,749,313,329,305,308,359,610,495,800,631,952,632,478,327,307,307,496,703,313,382,574,891,499,391,326,306,308,470,547,331,696,827,553,567,444,329,308,306,496,523,414,419,420,518,401,314,327,308,308,299,333,362,578,879,663,484,447,330,306,307,395,610,384,477,472,323,338,309,330,304,308,703,396,407,309,304,309,330,309,324,305,308,402,372,347,354,307,309,332,314
327,308,308,414,319,308,488,310,515,755,372,329,305,308,327,334,313,600,321,1281,746,322,330,304,313,368,592,500,799,623,969,640,485,326,305,304,503,702,308,383,578,858,508,395,327,308,305,472,553,329,710,829,513,566,426,327,304,309,494,513,400,437,409,537,409,314,329,308,308,300,313,368,578,895,632,475,442,329,304,308,400,607,388,466,490,319,357,304,336,307,307,704,405,396,306,311,343,302,315,335,313,309,400,373,343,361,330,313,332,308
327,306,309,401,330,318,493,318,513,769,375,326,307,306,321,319,308,600,323,1271,739,313,329,306,306,355,582,486,797,617,982,633,472,327,302,305,505,689,313,383,568,899,518,396,329,307,307,464,540,323,714,833,536,582,436,327,307,308,487,530,404,411,426,490,406,322,326,306,317,289,322,360,587,883,623,456,444,329,306,308,406,603,381,477,488,309,340,308,335,306,302,698,404,391,308,315,299,318,309,329,307,308,401,365,360,361,305,313,323,308
327,309,306,419,308,308,480,316,526,728,372,329,300,307,314,309,293,589,322,1276,740,305,334,306,302,355,594,496,803,623,971,618,469,326,307,308,508,692,323,365,578,895,487,386,335,306,308,473,561,334,702,822,538,587,435,330,307,305,502,529,408,420,400,526,404,313,329,313,306,308,331,373,580,873,627,467,449,329,304,304,384,604,365,457,466,343,343,313,327,304,305,689,381,395,304,299,304,333,308,323,306,309,395,372,341,379,285,316,315,316
329,308,307,421,309,316,503,319,537,668,381,334,309,309,321,337,308,606,332,1236,729,308,329,311,306,361,598,488,780,614,972,571,404,329,304,308,499,694,321,360,568,846,472,368,327,305,304,462,552,338,704,813,547,555,445,326,308,313,488,527,406,421,399,498,385,306,336,308,304,295,340,362,579,809,566,463,425,329,307,308,381,572,355,469,493,313,345,306,335,305,307,669,384,385,300,316,309,309,307,336,304,308,371,354,369,372,309,292,296,308
329,306,304,409,315,318,484,305,513,680,372,329,304,308,310,331,307,610,329,1253,733,313,326,308,306,354,601,502,808,632,958,619,411,327,308,308,498,702,313,385,576,854,456,383,329,307,313,479,552,321,702,816,512,567,439,327,304,314,479,503,424,420,418,496,403,300,326,306,309,304,310,367,582,843,623,466,441,334,304,307,384,591,345,466,483,331,340,301,334,308,306,693,382,388,313,313,330,322,309,335,305,316,399,375,381,368,314,313,331,318
327,305,302,413,313,318,485,309,503,695,373,329,306,308,319,327,302,599,323,1262,746,316,336,307,308,359,610,501,805,627,958,601,420,334,308,307,500,695,315,380,575,865,478,381,336,308,306,451,541,329,715,827,517,597,449,327,308,308,491,516,436,421,413,522,396,308,329,308,318,317,331,372,577,846,627,477,447,330,302,304,393,610,359,472,499,337,333,314,329,307,308,683,391,391,306,309,302,314,308,329,304,305,401,367,367,374,308,328,334,322
326,308,307,419,316,316,491,327,505,691,372,329,309,307,321,323,307,612,322,1268,741,313,327,306,306,368,627,503,803,631,992,599,418,326,307,306,495,697,314,393,590,865,486,381,329,306,302,472,529,319,715,834,530,578,444,326,306,302,491,513,425,410,409,497,399,316,325,309,315,283,345,373,601,827,598,449,447,329,309,305,362,572,352,456,498,328,344,321,329,306,308,678,398,395,324,316,313,313,306,326,304,313,361,368,385,384,308,301,322,307
327,312,311,427,309,313,488,319,513,707,380,327,304,306,318,329,313,627,334,1287,749,317,334,304,304,363,605,507,794,640,978,628,420,326,307,308,493,704,319,382,579,879,488,391,329,307,304,477,527,338,695,832,555,574,436,327,302,306,493,514,411,425,414,523,386,319,327,306,304,319,307,369,603,848,617,451,450,327,308,306,374,587,340,480,513,321,334,300,329,306,304,706,386,395,314,314,304,313,307,325,307,309,384,365,372,372,327,305,322,337
327,306,309,411,296,323,498,318,527,725,381,329,306,308,304,322,318,624,334,1260,745,308,330,304,306,371,592,508,799,624,985,613,421,326,304,307,495,700,318,369,566,886,490,391,326,305,306,480,547,329,706,834,555,600,453,330,306,307,507,529,421,424,399,514,383,316,329,308,308,318,315,379,590,856,625,465,449,327,308,308,372,600,362,487,525,331,340,302,336,308,311,700,388,387,300,289,316,290,318,329,308,302,380,380,380,376,309,287,322,319
327,306,308,420,316,316,500,316,518,721,381,329,306,307,318,322,316,607,331,1290,766,315,335,307,312,369,614,517,809,643,963,620,421,329,308,308,496,705,314,408,574,883,480,383,329,302,304,473,540,328,702,815,527,597,445,326,305,307,497,518,424,424,437,540,408,309,329,304,306,309,328,374,600,861,654,477,450,329,304,308,380,603,359,484,517,323,348,304,329,306,309,712,391,391,302,307,301,312,308,329,308,310,401,375,370,359,316,332,337,314
335,309,308,413,327,308,500,314,515,715,381,329,305,314,308,327,308,617,342,1278,755,309,326,304,308,368,609,513,814,640,972,619,433,329,302,307,494,698,318,369,578,878,496,385,334,304,308,483,551,323,703,828,518,582,447,336,306,308,488,517,421,420,411,497,391,314,336,305,305,300,314,370,603,855,610,456,450,326,304,308,395,592,357,479,502,340,337,306,337,307,308,707,395,399,308,307,304,327,307,326,300,308,411,369,387,404,328,323,334,322
326,308,309,419,318,308,498,323,521,693,372,329,306,313,309,330,304,620,319,1276,746,321,329,307,308,363,625,495,809,616,994,616,413,330,304,308,486,694,314,418,569,869,482,379,334,307,306,477,530,319,720,835,526,598,441,329,308,305,480,512,426,436,411,491,402,318,322,305,299,301,308,365,612,832,614,453,445,326,304,302,375,574,340,466,510,316,332,301,329,301,312,680,400,400,315,308,339,313,305,325,302,310,382,373,382,386,316,304,327,316
327,305,308,418,333,318,499,329,503,689,387,326,308,309,322,323,323,623,340,1259,726,318,336,306,306,372,592,503,795,630,986,619,411,334,304,307,500,694,322,374,574,872,496,380,327,306,305,488,529,318,717,819,547,594,449,336,304,308,487,513,424,434,418,491,393,308,327,305,314,287,342,354,592,832,618,477,436,334,302,307,362,572,322,480,496,331,339,302,336,304,302,671,388,396,308,315,295,306,306,327,304,304,375,369,385,393,308,294,309,313
326,307,309,418,314,318,478,317,527,700,383,326,304,306,302,317,309,605,333,1251,714,314,327,304,306,356,614,503,803,620,985,601,409,326,304,309,497,698,319,371,592,879,480,383,326,305,308,476,549,313,715,809,523,592,452,335,307,308,496,536,420,425,404,488,391,313,326,308,312,292,331,360,555,818,588,463,439,329,306,308,353,574,338,476,497,331,344,316,325,308,317,658,391,385,308,293,304,304,308,327,300,304,390,371,384,382,302,309,333,315
334,308,306,409,318,316,485,319,485,669,373,326,308,307,315,329,307,592,316,1248,715,315,327,308,306,369,610,502,784,618,936,566,402,327,308,308,491,706,318,410,574,846,454,382,326,304,307,487,538,331,680,780,513,573,445,330,313,306,473,503,433,411,414,490,386,313,326,309,304,296,323,338,592,792,605,458,424,329,304,306,322,527,323,457,475,318,337,313,329,306,302,614,368,372,313,312,299,323,299,325,308,306,359,357,386,370,324,328,317,314
336,306,308,436,315,308,490,318,498,653,381,329,308,306,308,318,318,605,340,1236,721,308,329,304,308,371,614,507,801,619,969,607,402,336,308,307,496,702,322,388,580,856,478,372,326,307,304,472,541,330,712,816,538,587,449,333,307,304,472,513,427,436,418,505,381,313,327,306,309,281,345,354,583,805,596,469,420,329,306,308,344,551,345,473,486,323,359,319,327,308,313,644,386,376,316,309,313,304,307,329,299,306,374,360,400,384,316,314,323,328
327,306,306,427,315,313,488,308,521,653,372,327,305,308,319,333,304,612,317,1246,710,316,329,306,308,373,609,515,803,630,969,590,408,326,305,304,497,706,321,399,582,845,478,374,335,302,309,472,548,329,714,826,516,576,450,336,304,306,479,518,421,423,409,491,393,308,327,309,308,308,308,359,588,816,568,452,426,329,309,309,353,553,340,470,506,346,353,308,329,307,304,657,400,391,318,302,319,316,302,333,306,312,361,365,405,394,314,299,314,315
330,308,308,424,313,309,473,314,515,668,373,326,309,308,328,327,304,612,331,1268,725,310,329,304,308,365,600,509,809,632,957,598,418,326,308,308,500,705,315,385,575,843,477,372,327,302,305,480,552,323,705,822,548,579,456,329,304,313,478,517,435,420,418,516,375,312,326,306,309,301,333,355,592,822,578,469,436,327,304,306,345,574,339,472,499,345,334,318,327,306,307,675,381,388,319,315,323,323,308,326,308,306,386,371,413,399,300,329,339,319
329,306,305,413,313,318,485,314,508,669,381,329,308,306,306,324,314,613,317,1236,710,316,335,304,307,348,618,493,793,623,981,601,410,326,306,308,497,694,323,373,574,856,478,383,327,308,309,457,542,322,713,811,566,580,449,327,308,308,483,539,420,439,420,484,406,314,329,309,312,308,308,352,575,814,579,445,433,326,304,307,344,547,340,463,498,317,336,313,329,306,308,658,393,386,301,328,309,304,314,337,308,302,345,356,400,387,322,304,314,317
326,307,309,425,314,316,487,314,513,662,381,329,304,308,318,332,313,623,329,1255,708,314,327,306,307,369,620,497,794,631,969,612,415,329,307,308,478,703,330,393,580,852,491,381,329,306,306,465,540,323,711,816,548,576,450,334,306,313,484,515,426,420,418,496,391,314,326,304,310,300,332,360,605,822,604,465,426,327,308,306,357,572,337,473,497,347,340,313,329,305,308,663,391,388,308,318,304,304,306,327,309,308,362,353,411,388,321,291,304,319
327,308,308,424,328,318,500,331,521,684,380,326,302,305,308,323,313,613,342,1236,715,306,327,300,306,372,598,502,799,640,958,625,413,329,306,306,490,705,323,393,580,874,490,386,334,307,314,473,540,337,721,818,531,578,452,327,306,308,475,513,437,424,414,480,400,313,329,305,306,319,318,356,598,829,614,445,424,329,304,308,359,567,340,457,498,316,345,322,326,306,306,665,395,381,313,313,307,307,304,329,309,305,359,359,408,375,313,313,330,313
329,306,312,427,316,313,496,313,509,658,375,327,306,305,317,322,299,610,329,1245,712,314,336,306,313,371,592,503,809,643,955,607,415,329,306,304,482,706,310,399,576,848,486,385,325,306,304,482,553,345,725,814,503,580,441,327,308,300,465,518,447,425,421,510,388,305,329,300,308,307,331,359,590,822,623,463,413,326,306,305,356,564,341,467,487,329,347,318,335,308,307,666,395,374,330,316,316,321,309,327,305,305,369,380,400,399,313,332,332,318
329,308,310,420,323,315,499,329,509,694,382,336,304,305,302,319,323,619,328,1259,711,318,329,306,305,365,598,497,808,630,984,614,423,327,304,305,491,702,329,383,577,865,488,385,327,307,304,465,548,319,722,830,549,603,454,329,304,309,469,523,419,425,409,490,401,319,329,305,314,305,347,368,592,844,601,452,436,334,304,304,359,577,336,476,507,304,330,313,329,304,304,691,402,391,301,314,295,302,306,336,306,306,368,353,401,376,312,286,308,302
326,306,305,419,311,319,500,313,508,680,381,327,304,306,304,315,314,617,343,1239,725,306,335,307,308,369,594,502,816,625,982,607,420,327,306,307,501,694,319,385,582,856,488,385,329,305,306,475,553,316,721,829,548,605,452,326,308,300,485,526,426,406,400,484,399,308,335,308,313,319,327,361,593,811,601,464,437,326,305,307,353,574,348,463,510,354,361,313,334,306,306,667,385,393,281,329,304,304,302,325,306,299,342,344,402,382,306,306,314,308
329,306,306,419,309,314,484,318,538,680,374,327,300,307,306,322,309,620,319,1260,706,309,327,305,304,359,591,509,797,638,982,610,421,329,306,309,503,703,316,395,578,893,495,385,329,308,308,469,551,327,728,829,553,605,449,334,308,313,488,521,420,421,436,472,402,309,335,306,313,302,339,361,594,828,606,465,441,336,308,309,348,569,347,470,508,321,333,309,329,306,308,689,401,395,316,317,289,308,307,326,314,309,369,357,400,402,306,292,322,317
327,305,307,418,319,304,509,328,519,684,380,329,300,306,286,322,312,619,332,1254,732,308,329,306,304,373,605,503,794,644,974,625,420,327,306,302,485,698,323,385,579,883,472,386,327,306,307,469,547,340,715,846,540,601,449,329,304,307,488,516,435,427,418,501,373,305,329,308,305,299,330,359,601,834,607,476,435,329,308,307,365,566,347,463,521,323,370,309,327,307,306,684,395,388,321,312,290,306,305,336,304,312,370,371,400,383,306,304,318,318
329,307,308,419,323,331,512,337,515,698,371,326,300,306,306,332,309,630,336,1255,721,319,329,307,308,362,606,508,809,636,987,603,418,329,304,304,501,694,322,396,572,882,486,381,327,308,307,463,541,327,718,833,549,605,454,329,306,306,485,538,414,436,401,522,407,318,334,306,304,304,340,357,601,830,610,461,434,329,304,305,364,569,331,475,515,340,336,309,327,308,308,683,388,395,315,310,298,292,309,329,305,301,376,372,399,399,308,319,314,316
327,308,307,371,314,339,437,323,614,316,384,327,304,305,306,310,314,418,332,1179,444,313,329,329,308,329,562,572,823,645,996,501,472,327,302,304,445,721,316,386,439,944,514,391,325,310,305,488,513,375,356,582,702,460,582,329,313,307,438,424,460,631,473,495,329,306,329,309,314,359,601,562,631,487,649,413,420,329,306,309,386,548,332,519,469,418,314,305,326,306,304,500,502,449,630,309,334,312,306,329,296,308,395,409,385,370,323,304,331,319
326,306,307,382,322,339,419,321,613,312,372,337,304,306,318,319,315,436,330,1214,444,316,327,323,304,323,573,578,829,649,994,503,472,337,305,306,439,739,317,395,451,923,504,388,327,304,305,480,507,391,355,592,703,453,582,325,306,308,450,425,463,627,476,505,323,315,334,304,306,372,597,569,649,503,645,418,414,326,306,304,380,555,338,523,469,404,301,301,336,306,299,508,502,451,620,318,301,308,309,327,304,308,386,418,361,340,307,313,342,308
329,309,309,380,309,329,424,314,644,316,375,329,313,307,313,331,304,426,328,1176,444,306,329,330,307,321,562,582,860,643,975,502,473,327,308,308,445,725,323,395,447,928,501,386,327,305,300,485,518,391,364,587,680,452,588,329,304,309,445,441,450,627,456,493,327,310,327,308,308,385,579,555,632,503,654,418,413,334,304,308,379,562,345,527,483,414,304,305,334,304,307,514,513,457,619,308,322,306,304,337,304,304,396,391,360,318,306,293,331,315
327,308,309,383,302,331,420,306,618,306,372,333,316,308,322,334,316,409,315,1189,442,318,329,324,302,315,568,589,852,644,974,503,467,334,307,308,439,733,323,409,447,916,503,390,329,304,304,498,521,386,356,587,692,454,574,327,309,308,447,424,463,614,465,487,329,308,329,306,313,386,592,566,647,497,654,418,413,327,302,301,375,562,334,518,464,432,313,306,329,304,308,502,488,454,628,321,293,313,318,336,304,298,390,402,355,328,306,316,333,316
338,309,304,381,308,340,409,304,617,312,370,336,305,307,313,333,308,401,318,1184,444,318,329,327,302,316,569,588,856,640,966,502,466,334,306,308,442,730,314,395,441,943,507,393,327,304,308,498,513,372,354,576,689,458,579,327,306,308,456,421,463,636,463,488,317,308,326,308,308,386,591,562,623,496,643,418,414,326,304,305,375,527,315,530,465,419,306,322,338,305,309,488,487,436,614,321,305,313,316,329,311,308,393,395,365,330,309,305,336,305
327,306,308,373,321,338,420,313,604,317,383,329,313,308,317,319,306,400,323,1173,447,309,326,323,308,329,559,576,843,639,996,497,473,329,308,308,460,732,305,396,449,921,508,393,327,304,306,478,513,380,371,562,717,466,582,329,313,312,460,425,456,607,469,488,324,313,334,305,308,375,614,561,642,496,630,408,411,326,305,308,385,527,347,514,469,408,316,308,329,308,308,499,494,454,618,315,307,310,304,329,299,304,381,387,361,341,306,302,322,318
327,308,313,383,316,331,395,313,599,313,380,329,307,308,321,323,316,385,319,1186,450,319,329,314,304,308,572,576,833,643,981,513,472,334,306,309,438,740,315,409,464,916,512,388,336,307,304,464,513,372,343,561,680,446,574,329,308,307,447,414,463,594,466,499,313,313,332,308,314,368,605,562,616,484,614,405,420,330,304,306,373,540,340,525,463,405,299,304,324,302,313,498,473,441,630,307,330,313,312,327,304,305,386,411,357,342,317,331,345,311
326,306,313,380,317,334,395,327,618,307,385,327,307,306,313,318,305,407,331,1186,457,314,329,306,309,307,563,568,835,636,982,500,473,336,306,311,444,735,323,383,452,934,507,400,329,301,304,419,503,395,348,569,689,454,576,327,306,308,442,409,465,636,469,510,313,308,336,306,308,369,607,552,631,496,649,421,418,329,306,307,373,547,344,515,463,418,310,308,326,311,308,495,488,439,620,317,329,313,304,329,302,300,408,404,361,348,304,313,342,327
329,308,304,375,322,347,418,318,606,313,385,334,304,305,308,314,316,411,300,1172,446,310,327,316,307,306,547,572,828,639,984,498,473,326,306,302,452,715,323,388,449,944,516,396,329,306,308,447,502,381,382,578,698,460,578,335,304,299,441,418,465,601,472,484,323,308,334,306,313,386,579,539,640,488,653,417,421,329,305,308,373,537,357,510,476,421,306,310,329,306,307,497,488,441,627,322,317,302,308,329,305,306,413,395,380,388,316,302,331,309
336,306,308,359,306,345,391,329,629,313,372,329,305,309,306,339,306,386,329,1186,446,309,329,353,309,313,563,566,842,640,975,498,477,329,308,306,445,728,314,386,460,943,508,390,335,306,306,420,493,381,347,572,677,458,582,329,309,309,447,407,454,592,463,488,321,311,326,308,313,357,607,547,640,487,631,411,421,327,306,307,384,529,342,513,454,414,319,308,326,310,308,496,483,444,630,323,300,314,315,327,308,307,436,395,369,348,316,301,339,318
327,306,304,371,308,347,387,304,631,319,380,329,308,306,316,319,313,396,317,1163,450,313,329,342,307,314,575,559,827,644,975,497,478,326,308,307,447,729,306,380,458,898,498,394,329,304,314,461,497,390,354,572,677,456,583,329,307,309,452,418,465,610,462,515,309,313,326,305,309,372,601,539,620,500,644,424,421,336,305,306,369,537,344,522,463,436,307,314,329,308,305,491,499,447,638,309,319,305,313,329,308,306,432,400,361,382,306,310,332,314
326,308,308,387,316,352,383,313,598,305,372,336,302,308,319,329,314,398,322,1201,444,317,329,343,302,313,562,568,809,653,1000,502,475,329,308,302,447,735,319,408,454,932,513,395,324,306,307,446,502,395,355,574,696,457,578,329,308,306,450,404,469,614,477,483,314,313,327,304,304,375,588,541,630,512,671,423,420,329,304,307,384,542,342,516,456,447,312,308,327,307,308,485,483,447,630,301,345,308,314,323,304,309,436,400,361,373,315,323,343,313
329,306,309,372,318,359,404,313,605,309,383,334,299,309,318,309,313,395,333,1184,445,313,334,334,309,319,559,559,822,639,1005,505,473,330,306,301,447,729,329,395,457,962,513,396,327,305,307,460,503,396,372,580,721,463,587,324,304,306,465,436,453,623,458,490,322,314,329,304,306,376,578,541,647,503,640,411,420,327,305,313,382,539,346,527,467,401,304,309,327,308,310,503,497,457,630,318,317,304,313,326,308,308,425,413,354,371,300,296,318,319
336,306,300,380,318,359,386,313,604,308,386,334,306,308,309,332,298,390,314,1186,450,313,329,342,308,323,569,562,829,642,968,498,472,329,308,309,447,730,313,395,452,923,502,394,329,304,304,464,500,395,360,575,662,457,572,327,304,309,464,409,475,616,467,500,324,308,325,307,304,380,582,545,627,502,663,420,435,336,305,311,382,555,345,529,476,421,308,311,336,305,306,503,485,437,650,313,314,318,309,334,299,317,445,404,368,372,314,308,346,322
335,309,304,369,318,359,409,316,618,318,387,336,305,306,304,306,323,395,318,1159,458,309,334,345,301,318,547,552,828,638,971,497,466,327,306,306,447,717,316,383,444,944,509,395,336,307,308,458,513,391,369,580,715,457,594,325,306,310,473,420,462,636,466,480,322,319,336,306,308,357,599,529,643,502,644,421,420,329,306,304,383,545,334,521,475,418,307,306,329,306,307,500,490,454,620,318,293,302,308,329,308,306,439,396,370,401,304,307,330,312
327,308,306,375,331,369,418,316,617,310,381,335,308,307,309,313,318,439,316,1182,445,318,329,348,306,329,556,562,828,640,999,504,476,329,309,302,453,721,329,402,447,933,516,399,338,304,308,460,517,395,362,589,697,460,587,329,302,306,462,413,456,640,457,488,323,313,327,307,310,384,569,530,636,498,648,413,419,327,304,306,386,529,347,535,468,421,309,308,329,305,315,499,498,454,627,305,347,300,308,326,305,313,439,411,359,388,315,304,343,313
327,304,308,386,309,360,402,309,616,318,375,326,305,306,300,319,313,418,308,1176,444,314,329,348,306,316,561,559,834,631,982,488,478,326,305,311,454,710,318,386,449,912,516,386,325,304,309,463,529,379,355,594,698,463,579,335,305,306,454,417,457,620,454,477,317,310,327,306,313,369,593,548,653,503,643,409,418,329,304,304,373,538,352,500,488,405,302,314,330,307,306,510,487,445,630,308,313,304,316,329,301,317,442,405,367,376,300,299,338,316
334,304,307,387,322,340,413,317,601,306,382,327,302,310,323,319,308,414,323,1211,447,322,326,345,302,314,573,568,834,627,996,508,477,336,305,304,444,722,333,402,449,919,502,395,334,307,305,465,497,390,368,574,715,454,582,337,308,308,463,409,475,640,472,490,323,313,326,304,307,359,590,536,657,509,665,424,420,327,304,300,386,541,340,526,467,391,304,301,336,304,309,508,499,447,644,316,332,316,309,329,307,305,442,408,347,384,315,359,343,321
329,313,306,371,313,365,414,314,628,318,381,326,308,309,322,331,319,436,323,1195,445,314,327,345,307,315,569,555,846,631,994,499,479,326,304,308,447,732,322,399,450,912,515,396,329,304,309,485,517,386,348,582,658,457,582,336,305,302,473,408,465,620,463,485,323,304,327,304,300,386,593,551,640,497,644,418,427,329,309,308,381,574,348,542,462,418,318,314,329,307,304,513,507,450,614,308,296,313,304,329,304,307,447,411,348,365,315,323,345,319
329,304,309,386,319,355,411,318,592,304,386,327,308,308,316,314,313,419,336,1188,449,316,330,345,307,323,556,559,822,658,996,503,470,329,307,308,427,722,331,399,447,943,513,395,334,305,308,472,500,387,391,578,704,450,577,335,305,308,447,400,460,633,472,500,327,318,326,306,307,381,578,564,664,488,638,418,419,326,306,308,383,535,339,537,473,410,305,304,329,308,307,498,507,461,636,300,306,313,306,327,308,304,439,403,354,401,318,313,344,322
330,304,308,391,317,348,421,322,601,317,369,327,304,304,314,302,314,436,322,1188,441,318,329,346,307,315,559,551,828,631,992,502,469,329,308,304,438,725,322,393,447,931,513,395,327,304,307,466,507,385,372,594,680,449,593,327,308,306,456,419,458,636,460,510,323,309,329,307,310,385,572,561,643,499,650,420,418,329,306,308,374,555,354,561,466,444,304,306,327,304,307,513,509,451,643,321,308,306,316,329,299,306,441,400,371,369,306,295,328,328
329,305,308,391,309,354,418,318,610,316,382,329,308,309,316,323,318,421,309,1199,434,313,327,345,306,314,561,553,861,639,982,495,477,329,308,309,454,733,319,390,451,919,510,393,334,304,302,469,529,393,340,579,689,461,580,334,307,308,449,421,462,642,463,513,314,316,329,304,302,381,591,546,642,517,675,425,421,329,306,304,381,563,338,547,473,424,313,305,330,304,308,503,498,447,627,305,331,309,313,327,299,308,452,401,359,386,313,329,337,319
326,305,304,393,305,346,405,306,617,312,372,329,309,313,311,328,304,413,323,1209,442,323,329,346,304,310,568,561,852,643,984,488,478,326,309,306,450,732,314,436,449,910,505,393,334,307,309,478,510,386,351,591,676,466,580,329,306,306,458,400,462,636,463,505,317,308,329,304,308,370,592,556,652,505,663,425,411,326,307,304,386,562,332,521,461,420,306,313,327,305,306,501,488,457,620,317,345,319,306,327,301,306,462,408,369,410,306,337,340,328
327,306,309,391,308,356,411,313,618,308,362,329,313,308,309,323,312,426,318,1198,434,318,329,344,307,322,561,555,852,640,996,499,477,326,306,309,446,726,338,405,445,932,513,396,327,307,306,476,510,401,360,578,666,452,574,329,304,308,457,403,466,640,472,526,318,304,330,302,309,368,598,559,628,510,654,435,418,334,304,308,381,572,344,530,461,414,308,319,329,314,306,510,488,445,628,299,339,327,313,329,307,300,456,408,357,408,313,300,340,323
327,302,306,394,331,360,419,323,618,316,371,335,301,308,314,323,313,439,322,1211,436,318,326,345,306,313,569,574,844,653,1008,497,477,327,308,300,445,721,342,400,453,935,508,395,327,304,308,493,503,399,360,578,689,457,578,326,308,305,445,404,465,653,477,526,322,309,329,306,309,370,593,555,644,508,651,419,417,334,304,313,373,568,345,513,478,413,316,318,327,305,308,502,497,457,619,306,293,312,304,337,308,308,447,396,371,404,317,327,340,318
326,309,304,382,310,359,418,308,620,319,376,329,313,306,308,318,318,402,323,1175,413,307,326,346,309,309,574,561,848,643,1001,497,475,329,308,311,450,732,330,395,452,943,510,394,327,306,308,477,522,386,342,588,680,463,592,327,306,312,462,413,465,613,467,512,321,308,334,304,304,372,598,555,631,501,654,421,421,329,308,309,380,567,353,537,475,419,318,314,327,306,310,500,502,457,630,307,290,311,308,338,309,304,464,408,363,390,314,313,345,314
324,308,308,402,314,363,421,323,603,306,376,329,304,308,322,318,304,436,323,1214,435,323,334,345,306,317,561,556,843,643,1004,497,477,336,304,306,441,721,331,396,442,947,513,401,326,306,304,473,513,391,376,579,703,451,582,335,305,301,458,414,463,631,475,487,328,313,326,304,305,371,580,549,678,503,696,421,413,329,306,305,391,562,347,529,475,426,301,309,327,306,309,502,482,454,631,308,304,318,306,326,308,318,445,405,368,411,309,304,334,317
326,304,308,390,301,365,421,301,624,309,370,327,313,306,315,318,313,419,323,1225,418,318,326,346,308,323,569,564,833,650,973,498,473,323,310,306,445,732,308,405,454,922,509,395,326,308,306,486,527,381,361,592,692,457,577,327,304,306,470,413,466,620,473,488,322,314,336,304,302,371,610,555,620,501,650,425,424,327,307,308,380,569,339,549,476,451,306,308,329,306,306,510,501,462,631,318,299,316,319,330,300,307,456,411,369,410,308,322,339,318
327,308,313,386,324,365,414,315,628,309,385,334,308,301,310,319,309,445,331,1201,424,323,327,347,302,322,562,555,835,639,1011,503,484,326,308,307,450,733,339,395,452,958,516,402,329,308,308,473,546,395,368,599,718,452,592,329,304,306,460,411,457,631,472,488,327,327,330,306,306,362,574,553,664,504,653,419,418,329,308,308,387,552,337,521,485,410,300,304,329,306,308,513,521,472,623,332,314,315,309,337,304,307,452,396,370,400,314,293,334,314
329,306,305,400,313,356,413,314,631,314,381,335,305,301,300,314,300,420,308,1207,424,308,327,348,308,313,567,563,852,632,978,496,473,322,308,306,451,722,322,374,454,933,504,395,326,304,306,490,525,393,341,589,691,466,587,326,309,300,465,414,476,627,469,510,315,305,329,305,307,369,606,569,649,513,676,424,417,329,307,304,386,572,348,536,484,411,313,319,326,305,306,503,488,447,640,318,304,313,316,334,302,313,463,414,369,408,308,341,340,310
326,306,308,386,323,371,423,327,623,315,375,329,308,306,308,313,323,425,322,1198,420,313,326,348,306,309,559,551,843,630,984,500,477,324,306,308,446,711,327,382,447,959,503,391,334,304,308,476,517,387,386,605,689,462,587,329,307,309,460,413,450,640,473,513,323,319,326,314,309,365,587,555,648,504,649,418,417,327,306,307,390,564,332,542,488,435,305,318,329,305,300,498,504,478,618,321,286,305,308,327,302,309,453,411,361,402,309,299,339,300
329,306,308,380,306,383,436,317,644,314,385,327,307,306,306,317,321,427,316,1179,426,313,329,345,302,318,564,564,861,643,1009,503,470,327,306,308,451,721,331,388,445,963,507,395,327,308,309,477,521,391,362,600,717,472,594,336,306,308,457,411,465,623,460,513,316,313,326,305,306,381,578,555,642,499,653,427,424,329,305,304,388,569,340,561,485,456,305,308,327,306,309,517,512,460,628,321,300,300,307,326,302,306,457,409,365,401,308,308,339,317
326,308,308,402,308,364,426,317,600,309,383,334,306,308,321,318,306,421,328,1228,421,330,333,348,307,313,561,564,843,654,978,509,470,329,309,308,447,739,331,404,444,947,508,396,329,304,306,479,527,388,344,594,666,456,577,329,306,308,465,409,463,630,485,524,316,306,336,304,304,381,605,555,650,503,644,413,414,327,304,313,384,564,344,542,472,461,316,308,326,305,308,505,502,453,654,314,323,309,319,329,300,308,452,413,361,407,313,340,339,315
325,305,313,386,319,371,436,317,616,309,373,335,302,304,309,340,313,421,316,1207,426,318,336,353,308,316,568,564,865,636,980,495,475,334,306,308,451,725,314,391,444,957,515,395,326,308,310,476,526,373,352,592,689,464,591,335,308,306,469,421,461,629,462,497,338,314,326,306,316,383,582,539,642,502,644,432,420,329,304,309,386,566,339,548,490,421,314,313,329,306,313,513,516,473,620,318,317,313,308,329,300,306,447,407,381,399,322,308,321,316
327,306,306,393,333,364,437,330,607,308,381,329,309,306,306,342,308,444,331,1199,435,314,329,348,308,308,562,559,845,640,1008,502,478,327,308,301,450,721,323,394,449,932,521,391,335,307,307,484,515,373,372,601,713,463,588,336,304,308,465,419,456,638,473,477,333,314,327,308,302,375,573,547,663,508,663,423,420,335,304,304,388,561,340,523,487,408,312,313,334,308,306,503,497,470,650,309,296,309,308,336,308,302,456,411,359,408,331,300,336,315
323,306,309,386,306,362,411,308,625,308,380,327,308,307,308,319,314,410,322,1209,424,308,329,348,299,314,562,572,853,645,978,497,469,333,308,313,457,723,317,393,447,931,507,390,326,304,302,486,525,370,355,593,710,461,578,326,306,309,473,414,456,636,469,507,327,313,335,304,308,380,590,566,632,502,675,426,424,324,304,306,381,567,341,527,473,452,315,308,325,304,309,510,499,453,620,318,295,318,312,329,308,306,462,418,375,402,307,296,345,306
326,308,306,391,313,359,419,308,638,313,368,329,310,313,312,333,296,421,318,1215,434,315,327,348,300,319,572,564,856,643,982,496,472,329,302,306,450,714,318,374,454,918,507,395,327,304,304,484,518,390,354,600,693,453,579,336,306,305,457,411,464,649,473,518,321,313,326,307,307,385,573,561,662,513,678,420,419,329,306,309,395,549,343,513,477,418,316,316,327,304,307,504,502,462,630,310,334,319,313,334,301,307,461,402,371,408,314,346,339,307
326,306,308,378,314,340,391,316,587,309,374,326,310,308,312,331,308,380,334,1198,426,318,327,346,307,323,569,566,829,640,992,490,476,329,308,305,447,726,336,409,450,933,504,404,329,306,307,485,512,386,348,569,691,447,582,329,306,308,460,411,468,625,470,515,327,314,335,306,308,367,589,529,649,497,645,413,418,329,304,308,374,538,352,527,465,438,308,306,336,304,301,503,497,465,627,306,300,309,304,327,300,300,445,399,355,406,309,322,332,315