327,357,460,300,316,555,313,310,524,331,383,329,427,313,341,359,309,446,372,1285,673,381,336,345,308,552,705,597,809,614,593,639,316,330,308,308,309,808,353,517,374,1083,578,390,327,304,306,306,564,580,369,632,333,313,496,329,304,306,302,472,463,439,469,399,447,322,335,304,309,308,372,347,348,466,555,404,317,327,306,308,396,458,299,336,309,300,437,357,329,306,313,328,323,313,308,302,321,308,304,321,302,306,426,319,345,426,307,300,322,315
329,348,457,308,302,563,308,306,518,347,376,326,426,306,340,353,314,439,360,1274,658,371,327,345,309,540,696,592,809,605,588,631,307,327,306,309,319,788,359,509,373,1081,590,386,329,308,309,307,568,577,356,647,344,318,497,326,306,306,307,456,462,434,458,411,402,313,327,304,312,309,383,353,343,466,553,406,319,329,306,308,394,447,312,336,314,331,427,361,330,306,308,319,312,314,329,300,316,302,309,327,308,306,424,329,345,418,306,304,317,309
329,348,453,299,313,555,308,309,530,332,381,327,424,308,333,348,318,445,380,1266,665,375,336,339,307,547,694,578,806,609,601,630,318,327,305,305,314,790,361,504,369,1087,578,386,329,305,304,304,547,587,373,653,364,334,503,326,304,313,313,469,465,414,460,400,449,308,335,305,309,304,390,347,342,466,562,410,321,326,307,304,402,454,313,338,308,324,444,367,326,305,308,308,299,300,308,319,304,306,313,324,304,308,421,329,347,420,313,305,323,313
327,348,457,309,318,555,308,306,539,343,381,326,424,310,342,357,313,447,372,1273,671,375,327,341,309,543,720,601,814,614,598,630,314,326,309,309,331,800,365,499,372,1071,580,386,329,307,304,316,564,593,352,645,344,331,497,336,308,309,309,475,463,444,472,447,400,318,329,306,304,312,396,359,342,472,568,413,316,327,305,306,402,465,306,329,314,321,447,368,329,304,307,331,308,309,310,301,327,306,306,336,308,306,419,332,348,408,313,316,317,305
334,348,460,305,308,561,313,308,527,342,383,327,427,309,342,364,308,445,369,1271,667,371,329,344,309,547,694,596,814,613,593,628,308,327,311,309,329,795,365,505,368,1104,590,390,329,306,306,313,562,575,359,643,345,321,497,326,308,309,316,469,464,420,466,420,400,312,329,306,308,308,386,352,340,464,555,408,313,336,302,306,401,454,313,333,315,313,439,365,329,315,306,329,305,302,307,300,300,319,314,329,306,304,421,340,345,413,313,313,318,309
326,344,463,305,307,573,314,308,517,334,382,329,433,306,333,360,304,444,359,1266,657,371,326,337,306,547,683,588,806,603,588,625,313,325,305,306,318,785,347,502,361,1097,592,386,329,304,308,304,547,578,399,649,353,329,486,327,304,313,308,473,458,419,462,405,418,308,327,300,309,304,385,362,342,468,546,413,316,327,308,307,386,451,308,334,306,331,434,357,334,309,306,331,308,304,305,314,313,300,308,322,304,307,425,337,344,420,313,318,314,314
329,345,466,313,309,569,309,309,530,339,387,329,438,313,338,357,316,439,372,1272,666,372,329,334,308,541,694,598,809,616,578,632,313,326,308,310,328,794,354,503,373,1070,580,388,336,306,307,313,553,587,384,648,332,332,487,327,305,314,323,473,458,420,469,427,407,318,326,302,307,304,391,362,352,473,574,396,319,323,306,306,391,452,308,338,308,321,436,361,327,306,305,318,312,299,330,302,299,306,306,337,308,311,421,336,342,433,309,308,317,306
327,345,465,308,322,574,312,309,513,332,383,336,439,304,331,357,316,439,374,1284,663,381,329,332,306,542,698,597,810,619,590,636,313,329,308,308,318,799,373,523,362,1108,601,391,326,308,302,308,540,573,391,644,344,330,488,326,305,308,308,483,461,418,457,402,399,309,329,305,306,304,381,356,341,465,562,386,318,329,301,309,411,456,308,347,306,308,436,354,329,306,301,330,307,309,322,308,304,301,300,317,307,308,420,313,344,414,308,295,316,307
327,345,463,304,314,577,295,306,503,336,383,326,427,314,333,355,307,444,367,1278,658,375,330,339,308,547,705,606,811,610,578,640,313,329,312,309,316,803,360,512,368,1073,589,391,326,302,306,310,539,580,393,645,339,319,484,329,304,313,304,465,464,421,472,411,400,313,334,301,304,308,368,361,340,476,564,413,315,327,308,305,413,453,308,346,308,306,421,368,329,305,301,318,309,300,329,307,331,306,307,329,309,309,421,330,357,424,308,308,330,317
327,352,462,299,316,576,318,309,540,340,395,327,427,309,331,356,300,445,365,1263,654,372,327,344,309,541,683,590,809,601,596,625,306,329,304,314,322,799,357,509,365,1078,589,382,329,310,308,300,529,582,394,653,338,323,488,334,306,313,309,483,464,426,465,420,400,318,338,306,308,308,382,373,351,469,577,396,319,329,302,309,408,454,318,345,308,323,441,361,327,313,308,332,308,301,300,312,300,316,311,322,306,307,427,316,332,419,309,306,316,316
327,353,465,313,323,574,313,309,518,340,390,327,439,311,344,368,308,444,373,1278,654,381,329,345,308,549,706,604,814,613,594,638,313,326,308,308,314,810,354,517,371,1076,598,394,329,309,305,305,542,575,385,639,328,322,487,329,306,308,307,472,447,432,464,413,400,309,324,305,304,304,372,347,345,472,574,385,316,327,306,314,418,460,304,334,322,309,437,357,329,304,299,321,312,318,318,293,327,308,313,324,309,307,420,331,341,418,313,331,327,314
329,357,469,312,309,562,307,316,526,322,390,326,441,313,342,357,317,435,365,1276,653,381,327,345,315,547,702,603,810,616,582,630,318,326,306,309,315,805,354,508,373,1083,577,386,327,304,309,317,540,587,373,639,321,331,488,329,302,315,304,461,466,461,469,424,436,316,327,309,306,313,385,354,345,464,568,410,317,329,304,306,411,452,300,332,306,309,433,355,334,304,304,321,308,291,317,309,308,323,313,326,305,312,427,330,347,405,309,313,318,313
329,357,470,308,328,568,316,307,521,330,381,327,435,307,336,360,319,445,375,1281,657,382,326,344,307,548,694,598,811,614,591,631,315,334,304,307,319,806,356,512,367,1083,580,385,329,304,313,300,552,590,395,644,343,321,493,329,306,313,307,480,462,445,465,403,436,317,327,313,309,309,374,359,345,463,571,406,318,334,308,313,411,462,304,347,316,332,437,357,327,304,313,329,315,308,308,313,309,299,309,322,305,304,420,329,359,423,304,308,322,318
327,355,467,312,323,569,315,313,530,340,382,327,436,313,334,369,315,447,380,1276,662,373,329,345,304,549,700,603,818,614,601,632,318,329,306,309,318,806,367,513,361,1085,582,393,326,302,306,305,549,578,394,651,332,319,490,327,306,306,306,469,463,434,473,418,404,313,324,309,307,306,368,359,348,476,576,409,318,334,308,308,426,460,296,333,308,322,436,356,329,307,305,328,317,305,323,315,302,299,304,336,306,307,414,316,345,413,306,286,328,313
327,356,473,304,322,559,308,313,523,329,386,329,434,314,342,370,309,457,361,1285,657,374,324,343,306,555,698,605,815,618,599,636,314,329,309,308,314,802,357,517,371,1104,579,390,327,304,305,304,554,588,393,644,334,317,493,329,308,307,302,476,460,438,464,411,402,316,326,308,308,304,375,361,348,472,574,399,316,324,304,308,432,438,300,332,306,294,444,353,329,305,307,331,302,308,323,309,304,300,313,321,305,308,418,332,346,421,308,296,331,316
324,360,465,318,316,571,315,309,513,334,381,329,434,306,340,359,313,447,371,1276,651,375,329,354,304,547,692,588,809,605,600,628,314,327,308,305,313,799,361,513,381,1087,593,386,326,306,306,304,538,587,395,644,341,327,491,333,301,302,305,478,461,446,470,419,418,322,334,308,318,300,382,346,348,466,575,405,314,327,304,313,434,446,307,345,313,313,414,356,329,305,306,323,305,313,330,323,280,302,306,324,308,306,420,321,354,414,308,314,321,313
329,354,472,309,322,563,304,314,538,334,373,327,427,313,345,371,316,458,375,1278,659,375,327,345,306,549,700,609,819,618,589,627,318,329,308,309,315,806,362,512,383,1083,582,386,324,305,308,313,555,579,395,639,336,316,488,336,308,304,302,470,467,439,475,424,411,313,326,308,308,307,383,348,345,473,591,414,318,327,306,309,435,469,307,348,308,314,449,357,324,307,308,323,308,308,332,309,294,300,306,324,304,308,421,318,353,418,313,302,329,313
326,360,466,300,318,567,316,315,529,317,380,334,425,307,334,362,318,454,370,1281,657,372,326,336,305,549,702,593,814,613,619,631,314,334,308,308,317,805,368,517,372,1098,588,391,329,309,305,308,549,579,388,640,340,331,490,329,304,304,306,475,458,427,462,404,434,316,329,308,316,309,372,364,345,469,554,406,318,335,308,309,418,464,300,346,307,319,441,355,326,305,308,318,308,290,332,309,309,297,306,321,300,304,418,329,342,425,304,294,316,314
329,355,473,304,318,561,305,313,538,342,379,329,427,309,336,355,308,439,371,1283,657,372,326,331,308,547,698,582,810,607,592,631,307,326,308,307,322,794,360,513,368,1101,583,387,329,307,305,306,538,582,395,663,343,323,490,327,304,306,301,487,464,425,461,413,406,316,336,306,314,314,372,365,337,469,559,386,318,326,306,304,420,462,314,346,313,289,423,352,329,308,310,329,316,290,336,308,313,308,313,321,302,308,421,330,348,411,308,293,318,308
327,359,473,304,318,549,308,306,552,340,380,326,439,314,337,356,305,436,372,1276,653,374,334,338,314,547,697,593,806,612,592,630,304,327,309,313,318,797,362,513,368,1095,578,385,329,308,311,306,548,579,399,639,345,338,496,325,309,310,314,477,475,423,469,424,439,315,329,307,308,312,381,371,339,465,579,418,322,329,306,306,413,464,308,339,312,314,441,348,327,304,306,323,313,304,316,313,304,316,313,329,307,307,421,322,340,406,308,306,308,307
327,356,470,309,304,566,300,309,556,345,375,327,439,314,338,362,308,439,380,1276,654,372,334,340,313,552,704,605,816,610,588,631,308,329,306,308,314,814,362,516,371,1100,582,388,327,307,308,315,552,580,386,636,323,317,487,330,306,306,314,472,462,421,472,434,404,313,327,306,304,304,383,352,347,462,596,396,316,329,304,306,420,463,296,338,308,322,441,359,326,301,308,328,301,300,336,306,318,318,308,323,305,310,418,330,339,420,313,312,318,308
336,357,478,305,317,574,314,309,547,333,380,327,434,305,336,365,305,439,359,1281,653,371,329,337,309,551,702,600,820,610,571,623,308,329,309,313,318,796,348,507,368,1097,587,385,334,304,314,304,545,589,388,632,323,329,485,326,306,308,304,472,464,417,465,427,405,318,329,302,307,307,391,367,344,461,552,415,318,329,301,309,423,460,304,334,309,305,427,360,329,308,307,329,277,302,342,304,317,318,306,335,308,309,427,337,333,426,304,322,318,306
329,357,475,308,315,575,306,309,547,343,372,327,436,305,339,359,309,446,362,1272,653,372,326,333,309,547,694,592,816,610,589,628,309,329,306,306,319,794,371,510,367,1100,592,383,327,308,309,314,538,588,396,651,340,332,485,335,306,310,314,477,472,421,469,447,408,318,327,304,307,308,386,361,351,472,592,391,318,324,304,301,435,472,307,340,306,327,442,360,327,305,309,324,308,299,342,306,301,310,309,324,304,313,427,336,345,418,305,319,322,307
335,359,473,309,314,578,322,304,562,339,385,329,438,302,332,361,318,454,359,1276,654,375,329,337,308,549,693,599,823,610,590,628,313,329,306,308,322,803,365,515,372,1104,593,388,324,308,304,307,540,578,391,639,322,323,488,329,304,308,309,463,457,421,472,418,400,318,327,308,308,314,382,371,342,475,592,414,318,330,304,308,423,470,316,342,319,302,439,357,329,304,306,323,302,313,337,301,327,315,308,324,302,313,423,321,348,419,304,312,316,306
327,357,477,314,313,574,309,306,546,337,372,326,436,308,332,363,304,450,371,1272,654,371,329,337,309,541,693,593,828,607,601,620,307,329,308,308,314,801,348,508,368,1085,588,386,327,308,304,307,541,577,396,644,334,334,490,327,307,313,313,482,462,411,463,439,404,314,326,305,314,304,375,356,353,470,568,385,321,329,305,308,420,454,308,340,309,318,434,361,327,302,308,323,314,308,329,313,305,313,313,327,307,309,424,336,340,418,304,313,318,317
329,359,477,304,318,578,309,315,555,332,371,329,423,313,345,370,308,457,371,1282,667,372,336,344,304,548,702,600,826,613,578,623,309,329,308,310,308,803,354,509,381,1105,582,384,329,304,311,309,551,586,393,633,338,322,491,329,304,313,307,476,462,421,463,439,408,323,327,305,313,304,374,344,353,477,590,385,314,334,306,307,438,463,302,338,316,304,427,357,327,302,307,323,307,299,332,304,313,301,313,322,304,306,421,336,352,421,308,301,339,309
327,347,478,308,308,578,318,318,535,337,375,329,424,302,337,355,318,451,365,1286,645,381,329,333,309,541,689,601,819,610,591,627,308,329,309,313,314,803,361,521,369,1096,582,391,329,308,301,308,540,587,395,636,332,323,488,334,309,308,309,473,460,434,460,410,413,306,326,308,313,314,369,369,345,470,566,411,316,329,304,304,421,473,313,348,307,331,441,361,327,308,308,331,323,296,329,313,313,314,308,326,308,313,434,323,331,415,315,322,317,307
327,323,466,308,314,583,302,313,521,340,375,327,421,308,334,368,313,465,362,1276,653,371,326,332,313,539,691,598,809,606,572,631,308,327,306,308,313,795,360,502,367,1086,592,385,334,306,309,302,517,567,393,644,336,330,493,327,308,308,308,465,460,434,457,410,407,313,336,314,307,306,362,357,340,463,569,407,318,326,301,309,433,454,316,346,308,318,436,361,327,307,309,327,306,295,340,308,295,307,318,329,306,312,419,336,334,409,304,309,327,319
326,334,472,307,313,568,319,307,515,348,380,326,427,313,331,360,309,470,359,1276,665,370,327,329,309,515,697,605,803,593,594,627,313,336,307,308,307,794,360,508,361,1097,578,387,329,302,313,296,521,561,408,647,345,315,488,336,308,313,317,475,462,414,464,402,400,316,336,308,308,308,372,365,343,472,566,409,319,335,305,305,436,460,313,346,315,313,418,348,334,309,312,328,318,307,331,319,316,308,312,322,300,308,418,331,338,418,314,304,322,314
327,339,477,314,318,569,327,307,508,342,383,334,433,308,334,367,308,497,369,1290,666,371,334,316,307,537,702,606,800,605,589,631,312,335,309,308,312,802,348,508,372,1081,587,391,329,306,306,317,527,569,404,658,337,318,485,324,304,304,308,477,472,434,465,439,400,318,327,302,304,302,374,360,359,490,537,409,317,329,306,309,457,457,308,345,313,304,442,348,327,307,310,337,299,316,340,313,287,305,318,322,304,312,420,332,338,420,313,304,329,319
329,338,475,309,339,590,307,306,536,343,381,329,425,312,336,357,313,463,359,1290,675,371,335,316,308,515,715,600,803,599,580,627,309,329,308,314,314,792,348,503,372,1093,574,395,329,309,309,314,529,572,405,648,347,316,487,335,306,313,319,477,454,447,463,449,413,319,330,308,307,309,368,372,347,510,539,407,318,329,302,306,460,463,307,340,312,295,447,345,329,304,309,322,314,304,344,309,309,306,308,327,302,306,414,323,338,398,313,295,316,312
334,339,475,302,332,594,319,312,526,339,382,327,434,306,345,361,313,476,361,1285,678,373,327,313,313,545,700,603,785,592,592,631,304,329,309,307,308,800,343,513,365,1093,586,393,334,305,308,302,535,577,413,658,360,319,485,327,306,305,319,484,457,434,453,445,409,319,327,308,308,313,368,369,354,495,538,404,318,326,304,308,466,457,304,345,314,322,436,355,330,308,317,322,318,313,319,314,316,308,308,324,301,308,420,322,344,414,304,312,318,318
329,342,479,307,323,592,319,308,529,340,383,329,436,309,331,355,314,479,345,1287,668,374,335,318,309,548,698,604,805,605,600,631,313,327,307,307,299,794,356,513,372,1096,577,395,327,305,306,314,551,582,408,664,348,318,488,327,302,304,313,463,463,439,456,456,424,315,326,306,313,308,371,372,342,498,533,396,323,329,308,308,463,457,313,340,316,322,444,359,335,308,313,331,313,308,318,313,308,308,304,337,302,304,420,316,332,444,318,301,323,317
326,339,477,304,339,579,309,316,542,344,381,329,439,314,337,362,327,469,329,1285,666,372,329,318,314,548,689,605,803,601,587,631,313,327,308,307,313,801,348,517,359,1086,588,393,327,304,308,315,548,575,388,652,329,318,488,327,305,308,307,466,463,427,469,434,393,319,327,308,308,304,379,362,343,487,552,396,316,326,305,305,445,453,304,342,308,317,450,348,324,308,313,318,308,293,302,300,308,322,309,338,309,306,418,331,340,420,308,317,314,309
327,342,480,309,344,590,313,312,523,327,375,327,425,305,334,365,302,473,340,1289,667,371,334,317,304,549,696,601,806,603,578,632,310,329,308,309,308,803,347,526,372,1074,578,391,329,306,306,304,552,575,400,658,347,316,490,329,304,305,306,461,470,434,465,436,402,317,329,302,307,304,373,348,345,501,542,409,313,329,301,309,454,458,306,337,316,300,449,353,326,304,304,316,286,304,336,311,314,307,307,326,304,309,418,330,338,420,313,318,341,316
325,343,479,315,336,596,294,307,537,332,375,329,435,309,334,359,314,488,355,1294,680,375,329,316,307,547,698,610,816,606,575,627,318,334,308,308,313,803,343,513,373,1073,582,390,336,305,302,308,555,580,404,664,348,317,497,326,308,313,308,470,465,441,470,457,446,323,327,306,310,301,372,357,345,498,527,408,315,329,306,306,463,457,295,348,309,312,451,351,329,305,304,319,316,309,323,306,306,313,309,321,306,307,420,334,318,411,313,309,324,313
326,347,482,316,348,580,314,313,529,323,386,329,435,310,334,368,305,496,355,1285,675,369,326,316,308,546,695,601,819,601,592,631,309,329,309,308,313,805,354,521,369,1076,590,393,327,308,305,309,555,587,400,668,343,323,491,329,308,306,314,454,465,437,475,458,406,321,327,309,305,304,383,365,344,502,553,409,316,327,308,309,454,463,302,328,313,304,449,348,329,306,305,313,306,299,339,308,302,313,313,321,306,308,420,337,344,427,307,314,332,315
329,344,483,304,343,582,314,314,535,339,381,327,426,309,330,357,306,484,359,1284,667,369,327,318,307,542,702,600,815,601,578,631,313,329,305,309,316,803,368,514,369,1100,582,387,330,307,308,306,555,575,409,667,353,319,491,327,305,306,313,473,456,434,462,454,408,316,327,302,308,309,382,368,342,504,538,400,308,327,305,313,472,457,298,352,313,302,438,345,326,305,313,318,313,312,329,313,308,300,314,323,304,308,414,334,338,420,318,300,337,314
329,342,479,316,331,578,321,309,546,339,385,330,426,308,339,361,313,485,346,1281,676,373,326,323,308,547,702,610,823,603,575,624,317,326,305,306,308,794,359,515,369,1083,588,395,329,304,309,306,561,594,401,666,345,329,485,329,308,313,319,470,458,427,465,466,408,317,336,309,307,309,372,372,332,503,566,400,317,329,306,308,462,465,306,348,321,316,436,348,334,308,308,318,304,306,329,305,319,314,309,338,308,307,421,333,336,419,306,313,319,313
334,308,312,308,540,484,354,318,714,493,391,329,306,306,308,369,312,371,381,1321,683,309,327,306,308,332,689,593,775,644,806,640,313,326,307,309,391,722,342,332,1100,666,527,354,323,305,308,312,522,476,315,610,372,386,488,326,305,309,450,372,357,411,522,453,424,309,336,308,309,361,368,334,452,510,447,439,321,327,304,308,548,684,643,313,318,319,418,316,327,306,308,537,387,334,314,307,307,314,306,329,304,306,357,341,391,381,310,319,316,314
329,306,306,313,542,491,348,313,706,500,401,327,304,309,316,381,309,374,394,1338,694,313,329,304,308,348,711,596,780,649,809,632,313,329,306,309,388,735,338,316,1095,676,527,355,334,306,307,308,529,485,321,605,371,385,490,326,305,302,447,381,365,409,527,438,413,309,327,307,307,359,375,345,463,513,477,449,309,329,306,304,555,689,647,313,329,316,413,308,329,308,306,547,388,322,308,308,295,300,306,329,302,308,355,339,396,399,301,302,316,313
326,307,306,304,552,472,354,319,720,503,399,329,311,308,302,371,313,369,381,1308,683,306,329,307,307,344,704,576,778,639,795,629,308,327,304,308,381,732,339,319,1097,691,533,354,334,304,313,306,518,475,317,597,369,383,485,327,310,308,450,376,345,386,538,460,391,313,334,304,308,355,386,332,447,513,472,449,319,326,306,305,562,698,640,315,302,329,411,313,327,304,308,552,372,329,323,314,308,323,306,321,306,309,348,354,391,399,304,301,317,315
326,308,307,313,552,472,348,301,713,512,404,329,308,308,302,362,304,369,385,1321,691,306,330,309,308,355,705,592,772,644,794,627,308,329,306,313,373,731,328,340,1112,667,533,354,324,306,304,331,525,478,322,601,373,387,479,329,307,304,447,384,355,394,529,449,400,313,329,302,307,359,370,329,444,518,488,445,319,327,304,304,569,678,644,308,316,323,426,308,329,305,308,552,362,342,308,313,328,317,304,329,306,307,359,336,396,395,313,312,319,309
329,305,306,302,552,478,348,309,722,518,396,327,302,306,295,370,309,370,388,1313,689,302,336,308,304,338,682,590,780,643,803,623,304,329,302,309,382,733,334,307,1098,680,530,354,335,304,306,304,517,476,307,605,385,385,480,330,304,312,449,373,349,408,518,462,409,308,336,304,302,367,385,327,451,510,488,444,319,325,305,309,564,692,647,307,307,332,411,313,327,306,313,556,368,314,301,313,299,309,304,336,304,306,355,357,395,391,304,309,313,316
334,309,308,313,561,452,357,331,720,496,399,327,308,304,304,362,318,376,395,1311,693,308,334,306,306,391,680,568,769,649,806,632,310,329,306,306,400,730,340,313,1099,683,530,356,329,308,312,318,517,477,313,598,386,386,485,327,306,308,447,391,354,400,537,445,399,304,336,308,314,361,374,330,456,498,472,450,319,329,304,306,577,698,649,318,314,331,427,317,330,306,308,504,375,340,295,306,295,318,307,322,309,307,348,340,395,399,314,277,304,316
327,308,308,313,552,460,357,317,703,523,395,327,308,307,306,361,316,371,381,1320,684,307,327,306,308,372,668,568,769,644,797,632,312,327,306,305,393,732,337,324,1105,694,538,355,335,308,308,318,513,478,318,607,383,381,487,327,304,307,449,383,343,401,513,453,413,312,327,311,311,360,362,332,450,499,477,421,316,329,306,307,571,691,640,313,307,306,411,308,327,306,306,552,365,330,306,315,306,308,308,321,309,308,355,348,386,387,302,308,323,314
327,307,308,301,551,466,348,331,729,524,395,329,304,300,301,364,309,369,391,1316,678,313,330,304,307,382,673,578,777,642,799,620,308,327,306,308,379,744,340,313,1087,680,540,359,326,307,304,313,525,473,323,607,391,381,488,329,304,308,452,395,348,400,527,449,408,308,335,304,304,361,382,334,453,505,476,437,316,330,308,307,566,700,644,308,308,340,418,315,327,305,308,523,373,329,306,308,331,306,309,321,306,307,348,345,393,386,313,300,308,313
326,308,309,308,549,473,348,329,703,510,394,327,307,307,313,373,306,367,390,1310,683,309,329,304,307,385,702,587,770,652,794,631,316,329,307,304,391,740,338,331,1104,656,524,361,329,304,305,332,527,487,302,613,376,385,483,327,306,308,445,375,347,404,527,447,420,316,329,302,307,359,362,319,458,508,485,438,319,329,307,306,578,680,644,313,314,304,413,313,329,305,306,555,386,334,317,301,323,309,304,329,302,304,356,339,386,399,323,300,309,315
327,308,314,305,548,472,342,314,715,518,396,324,309,307,306,383,313,369,383,1320,691,313,329,306,310,382,703,577,772,643,794,630,304,327,306,309,396,740,342,317,1095,673,527,355,327,308,306,321,527,484,305,606,359,390,486,329,308,306,454,373,362,404,538,478,387,308,327,307,299,354,373,336,452,513,475,456,319,326,308,306,571,693,639,306,304,322,418,314,326,304,306,549,371,341,306,300,318,314,309,338,304,313,344,348,394,398,313,318,323,309
329,306,306,315,559,466,354,308,702,513,395,336,304,307,312,373,308,365,389,1321,693,313,327,304,306,380,693,582,770,650,805,627,308,329,308,306,399,746,336,328,1095,651,540,355,329,301,308,321,536,488,313,613,372,396,485,329,308,309,442,372,352,418,527,465,408,310,335,304,308,357,375,331,464,515,484,445,314,329,305,309,569,684,647,309,304,294,436,306,330,301,309,541,387,324,308,304,318,319,306,323,306,313,345,343,404,404,340,323,323,314
329,308,306,306,551,477,354,331,715,515,395,336,313,308,313,372,318,375,382,1313,680,313,327,306,306,373,675,578,766,645,801,630,308,326,304,306,395,735,344,328,1087,678,535,359,335,304,306,314,519,473,316,614,380,404,485,329,306,304,449,393,340,400,523,436,404,317,335,308,307,357,373,341,463,499,482,441,316,327,308,306,569,694,652,314,331,309,411,301,329,302,308,551,391,342,313,309,279,302,310,326,306,308,348,340,402,402,301,301,308,315
329,309,308,305,548,469,353,314,713,518,399,329,306,305,302,369,300,372,385,1316,691,306,327,308,308,381,678,583,772,649,801,631,306,329,306,308,398,741,348,327,1097,669,540,359,329,302,308,318,535,477,309,610,390,400,485,326,307,307,450,381,345,400,525,437,404,306,329,306,306,352,383,347,452,513,486,447,318,327,306,306,569,700,649,307,308,306,418,312,327,305,307,553,386,337,308,313,318,318,314,324,306,310,348,345,395,409,299,318,318,308
326,308,309,308,559,477,348,318,716,513,396,329,307,308,309,387,306,372,383,1323,689,312,327,306,309,375,674,582,771,632,792,632,308,334,305,306,386,740,337,316,1100,662,529,355,336,305,310,322,523,483,306,604,372,376,486,336,305,309,456,370,367,400,538,465,368,305,326,305,299,361,385,331,469,513,485,445,316,326,306,306,573,694,644,313,311,290,419,308,335,302,307,548,393,339,299,309,299,319,304,341,304,308,357,359,407,396,302,315,322,313
329,309,306,308,564,475,361,313,730,521,390,329,309,308,302,371,305,382,387,1315,692,313,327,304,308,348,702,590,772,636,800,628,312,329,302,306,395,735,341,317,1101,688,537,354,327,308,308,309,526,477,314,601,384,395,485,327,305,307,451,391,357,406,521,439,393,308,335,302,304,356,373,317,454,509,463,435,313,336,305,302,564,703,648,314,317,314,423,308,334,306,310,549,395,341,302,314,295,304,308,337,304,302,359,361,386,399,300,305,313,310
329,308,306,309,559,481,361,322,722,519,391,329,304,308,304,355,315,385,404,1326,689,308,327,306,308,359,680,592,777,631,806,632,309,326,306,308,386,732,345,329,1101,679,538,360,327,306,306,314,526,476,322,614,375,391,485,327,306,306,446,382,347,413,526,434,399,306,329,307,307,359,355,323,458,516,477,438,318,329,307,307,562,694,640,317,327,305,408,313,334,305,306,559,391,339,299,322,314,312,313,319,300,307,356,338,395,402,299,290,318,308
329,308,309,318,552,490,362,316,717,510,400,334,302,306,319,373,306,385,386,1328,683,309,329,307,308,347,674,600,780,645,809,639,314,329,305,308,386,733,334,323,1105,662,537,357,327,304,305,323,527,480,318,614,390,375,488,336,305,306,446,372,359,413,529,447,388,308,334,308,313,357,369,327,463,515,469,434,314,336,304,306,558,702,649,307,319,316,408,306,326,304,305,555,394,348,319,308,304,305,313,322,309,308,354,347,403,404,313,309,317,318
329,308,308,308,561,515,390,330,702,515,401,329,309,314,317,373,316,388,394,1325,689,311,327,305,308,348,665,601,769,654,811,630,315,329,308,304,386,736,339,331,1109,649,525,356,329,305,301,322,527,475,322,617,398,394,488,325,304,306,449,386,353,404,526,435,385,307,329,304,307,345,372,339,465,521,480,451,319,326,306,309,553,705,652,318,314,317,419,306,329,308,313,566,393,334,300,315,298,309,308,322,304,307,353,348,394,395,293,309,300,315
329,308,304,313,538,508,368,317,729,526,391,327,311,309,309,382,317,390,391,1328,680,314,329,306,308,340,692,598,784,643,795,628,313,327,307,308,395,729,340,319,1100,666,540,359,329,304,306,314,539,473,313,606,380,391,486,329,308,306,449,372,362,395,535,452,396,309,336,304,316,354,373,340,460,515,498,447,319,329,305,304,555,703,640,302,307,344,411,313,329,309,309,566,362,334,305,313,308,308,308,336,308,309,359,348,390,391,300,316,317,313
327,308,307,308,549,502,371,319,726,524,395,335,306,306,305,369,316,381,381,1336,682,316,329,306,306,334,665,587,779,645,814,631,313,329,306,302,391,726,339,318,1074,683,538,359,327,304,308,309,521,478,314,624,393,391,487,327,306,307,447,386,362,437,527,460,418,307,326,306,313,359,362,347,453,513,488,445,314,324,307,304,553,713,645,319,319,343,408,304,327,300,306,569,361,345,313,309,291,300,309,337,304,310,348,344,390,386,311,298,313,318
325,308,307,313,541,508,381,323,720,518,395,327,308,308,313,361,319,383,375,1328,678,314,330,306,304,340,675,592,778,631,811,627,314,326,306,306,396,726,334,319,1083,663,536,362,336,304,308,315,517,477,317,644,385,395,485,327,305,305,452,385,369,442,537,454,413,313,327,308,302,353,371,337,457,516,475,447,318,327,304,304,552,710,650,316,309,334,413,308,326,304,304,569,368,340,304,314,305,302,308,321,306,310,348,344,386,396,299,295,312,317
327,306,308,306,548,503,353,322,721,517,393,329,304,309,314,371,317,385,394,1352,695,313,329,305,308,347,682,598,780,643,809,636,313,327,308,307,399,732,348,310,1086,676,539,360,329,307,306,314,525,479,318,620,381,386,485,329,304,307,447,375,343,419,522,450,408,308,329,304,304,348,375,331,463,516,480,445,316,329,306,309,559,706,650,315,313,339,413,308,329,306,306,552,368,344,308,309,304,307,306,334,306,304,354,347,404,387,310,309,316,313
336,308,305,308,545,497,369,318,707,510,394,330,301,308,313,372,309,381,382,1348,683,315,334,304,313,354,678,592,780,649,814,628,316,329,307,308,390,735,347,311,1088,662,527,357,326,307,309,318,522,485,323,620,388,382,485,332,304,305,445,382,342,449,535,441,399,316,330,304,304,348,361,330,466,510,485,439,316,329,306,308,555,702,649,312,319,309,418,307,327,304,306,564,391,348,313,316,289,309,302,329,308,308,345,333,395,399,308,290,318,316
329,308,314,300,552,497,373,319,721,516,391,329,305,302,309,360,314,386,384,1352,678,308,334,306,306,353,679,600,781,644,815,643,313,329,304,306,391,740,343,323,1098,675,513,357,336,302,308,316,522,480,314,619,381,383,486,329,306,309,447,385,340,421,526,439,395,314,327,308,306,354,371,342,463,521,483,439,315,329,306,306,561,703,652,315,323,321,421,317,327,308,309,541,393,352,313,302,309,304,308,336,301,310,354,339,400,409,308,314,330,310
329,308,308,308,535,514,370,308,740,518,400,326,308,306,313,375,309,396,391,1338,689,314,329,306,308,348,675,599,784,638,803,628,309,336,304,305,400,733,339,319,1109,669,536,355,329,308,307,319,536,473,323,619,384,390,478,327,306,309,447,371,354,436,535,472,387,309,329,304,308,353,369,338,457,526,503,438,314,329,304,306,555,705,658,304,304,327,439,309,336,307,305,566,385,340,301,301,313,308,304,329,306,310,355,344,391,408,316,324,317,306
334,307,308,305,529,525,370,316,744,521,395,327,304,308,307,368,304,385,376,1338,689,308,329,304,308,345,694,594,780,631,801,636,308,327,304,313,400,741,340,309,1111,678,526,354,329,306,309,318,537,484,304,614,381,386,483,327,307,306,457,374,355,420,529,452,391,307,327,301,308,353,386,332,457,513,466,444,316,329,302,307,555,702,652,300,306,304,420,309,329,307,308,568,372,330,309,309,301,321,309,326,304,304,355,361,395,396,322,306,323,308
326,308,307,309,540,519,380,313,740,519,395,327,308,308,313,371,304,385,372,1348,696,313,327,308,305,348,678,605,782,631,796,619,307,326,306,307,395,735,345,316,1109,665,537,359,336,306,309,318,522,488,315,618,367,393,481,333,304,306,447,379,346,427,529,465,404,313,329,304,304,347,376,332,465,529,496,446,315,327,306,308,555,704,644,304,318,316,414,313,327,306,302,569,367,334,306,305,308,313,302,324,307,313,356,348,386,400,316,309,316,314
329,308,308,308,541,518,384,329,732,517,396,326,309,313,318,381,313,386,380,1358,689,318,329,305,308,345,689,601,784,644,806,642,315,327,304,306,402,740,341,321,1114,663,526,359,329,302,308,317,530,485,323,616,388,393,488,329,306,308,447,369,361,435,521,449,427,313,335,304,306,345,371,332,462,525,485,437,316,334,305,309,569,702,645,313,315,313,414,308,326,306,307,538,369,344,314,318,300,302,304,337,304,301,340,343,393,381,308,329,322,318
336,304,306,310,549,517,387,309,730,518,399,329,307,308,318,368,313,385,359,1348,689,304,329,302,308,343,675,590,792,643,806,629,309,327,305,308,398,730,345,313,1117,678,530,348,327,306,305,316,530,486,312,623,370,395,485,327,305,306,452,382,355,441,527,463,409,308,329,306,307,345,363,332,464,527,503,438,316,327,308,307,556,705,643,307,308,329,408,305,329,306,309,541,369,359,309,299,300,318,304,329,306,313,357,347,396,373,308,313,309,312
327,306,310,314,554,521,372,322,715,507,398,329,304,308,314,367,314,399,391,1352,689,313,336,304,308,344,689,591,781,649,810,625,308,329,308,306,393,726,354,307,1117,678,527,359,327,306,305,317,514,488,313,630,396,395,485,325,304,307,454,381,340,454,522,435,391,306,333,306,300,342,368,332,460,513,487,437,322,329,304,313,561,715,649,318,312,315,408,314,327,308,305,552,374,334,306,315,307,314,308,327,302,305,355,340,400,385,319,323,308,309
327,308,306,321,548,518,381,331,725,513,391,326,304,304,314,380,313,399,388,1363,683,313,327,306,304,346,689,604,780,652,796,632,314,334,301,308,395,746,348,315,1123,683,523,355,329,305,308,317,530,487,309,628,381,375,485,326,301,304,444,384,361,436,523,462,413,313,327,302,308,352,374,319,469,524,510,449,318,327,307,306,567,712,644,316,331,329,406,309,334,309,306,561,381,352,308,304,316,300,305,329,304,306,344,345,407,380,316,314,329,316
329,308,307,318,547,518,381,323,712,521,391,329,307,304,315,372,313,390,395,1365,696,314,329,304,306,343,689,601,785,658,809,628,314,336,307,309,402,740,346,334,1125,673,526,355,329,305,306,318,536,485,315,614,390,369,487,329,305,307,444,370,347,460,527,436,418,313,327,306,304,342,372,321,465,513,478,445,313,334,306,308,569,693,644,307,322,327,409,306,326,306,308,578,373,345,304,306,304,306,312,337,301,310,355,348,395,404,322,304,316,309
327,308,308,314,555,517,395,331,720,521,382,334,307,308,312,367,304,395,386,1351,675,308,329,304,307,347,692,601,781,662,816,630,314,329,308,306,385,739,355,318,1117,680,530,359,329,308,308,313,527,478,314,628,385,393,488,327,304,306,458,387,354,421,523,445,418,315,329,307,308,362,371,338,457,517,473,439,313,327,308,308,561,708,657,316,321,336,418,305,327,306,302,574,374,345,318,309,333,318,307,324,306,309,348,329,405,409,306,300,313,312
326,306,306,294,553,523,400,315,732,527,372,326,308,308,304,368,322,404,385,1338,679,308,329,304,306,342,706,591,792,642,806,628,308,329,304,299,399,721,346,304,1125,689,529,359,334,307,305,309,527,480,319,627,399,406,493,327,307,308,456,387,345,418,529,460,421,313,326,305,304,371,373,330,461,513,488,439,314,329,307,308,563,715,662,313,329,339,418,315,327,305,306,569,359,337,300,304,294,305,307,327,307,306,344,342,400,380,304,286,317,313
329,306,308,314,535,527,381,316,733,513,386,329,304,305,308,371,308,394,385,1351,680,313,336,306,308,348,712,599,794,652,809,621,306,326,308,308,404,733,348,309,1118,691,526,348,326,306,307,319,526,488,316,610,380,386,487,336,302,307,463,387,356,452,526,456,406,309,334,304,308,352,375,333,457,522,495,450,315,326,305,304,569,694,648,305,313,314,435,313,327,309,305,553,362,345,304,309,316,307,313,325,306,308,357,340,401,386,306,304,304,314
335,308,309,307,555,521,391,305,730,521,373,332,304,313,316,380,308,395,385,1363,683,313,336,306,308,352,712,601,788,653,794,632,312,329,307,307,395,740,341,339,1131,676,529,357,324,307,305,316,523,487,319,619,367,391,485,336,308,306,454,385,352,449,527,437,437,313,327,304,300,357,373,331,465,521,502,424,314,334,307,306,574,702,649,302,313,312,418,307,326,305,309,567,374,348,309,314,306,316,308,323,306,313,354,330,409,400,313,323,316,307
329,306,309,300,561,538,413,331,733,521,380,330,305,306,308,370,319,400,401,1340,684,318,334,304,309,360,680,598,788,640,820,631,309,327,306,307,382,721,340,318,1137,689,537,361,334,309,306,311,527,473,334,627,404,393,487,326,305,306,450,372,339,450,527,453,394,307,336,302,300,362,376,341,461,518,497,447,321,326,305,308,564,721,653,313,314,334,413,313,325,306,308,576,375,340,313,309,300,304,318,326,306,306,344,340,386,391,314,302,308,313
326,308,309,316,561,541,413,307,733,518,380,335,307,308,312,383,305,401,391,1361,692,311,329,308,306,347,683,591,792,649,814,631,308,329,308,308,400,750,344,328,1138,676,523,359,326,304,306,316,538,484,319,623,361,381,484,329,307,306,449,362,348,464,525,462,421,316,329,306,304,348,354,337,468,524,487,438,309,329,309,306,572,712,649,313,318,313,420,316,334,305,308,588,387,355,313,304,332,309,314,324,307,307,352,357,391,399,304,338,313,307
327,308,304,304,553,541,427,319,742,513,386,329,310,308,313,363,318,386,387,1363,689,313,330,306,306,345,694,592,809,645,794,631,313,327,306,306,404,739,339,321,1149,676,523,361,334,306,313,318,536,473,316,625,384,367,482,329,304,308,449,375,348,445,537,449,405,313,327,307,308,348,383,347,465,527,478,437,319,335,306,306,561,716,656,308,302,329,424,313,327,307,307,567,372,343,316,304,302,315,308,320,308,305,348,340,388,400,322,314,315,313
330,306,304,304,515,580,463,321,753,514,383,329,308,308,313,361,307,391,376,1355,689,317,327,307,306,330,645,577,803,638,813,631,309,329,307,306,408,726,348,324,1131,678,523,354,329,306,306,314,527,462,319,632,385,385,484,326,306,308,436,374,361,469,525,466,418,308,327,306,313,357,375,341,457,516,484,433,318,329,302,307,515,725,659,306,304,302,419,314,326,306,307,545,372,333,309,314,304,306,309,326,306,308,348,347,390,385,302,315,318,312
329,306,306,307,514,604,486,336,749,513,381,335,308,309,309,361,318,373,381,1359,694,316,330,304,308,338,644,612,808,631,809,640,308,329,306,308,391,718,339,348,1123,680,541,357,329,306,308,318,503,468,330,628,372,372,490,326,306,305,445,375,322,445,517,465,391,309,326,306,306,361,375,345,465,527,465,437,329,327,308,306,454,721,658,315,318,328,423,308,329,304,306,525,364,347,316,299,300,314,309,325,306,305,339,336,400,375,300,291,306,313
329,308,308,309,329,460,423,316,856,803,391,329,304,299,314,333,307,466,332,1209,777,314,326,306,304,307,590,607,809,614,803,582,314,336,309,307,372,694,321,421,679,895,538,312,329,304,313,473,551,574,306,380,276,408,510,326,304,306,322,400,386,400,418,308,328,317,336,302,300,304,369,336,362,426,510,307,347,336,304,308,555,451,372,400,411,334,313,307,327,305,307,344,966,470,418,316,314,313,308,327,304,306,302,317,464,542,362,292,313,309
327,308,307,300,310,465,434,327,865,820,401,327,306,316,305,308,331,465,321,1194,764,308,327,305,307,313,569,605,803,613,809,587,308,327,305,305,369,682,330,424,678,890,551,313,329,302,307,477,551,561,316,388,337,408,508,327,299,309,321,408,363,391,404,306,308,308,327,308,309,308,354,339,368,410,496,307,355,327,304,304,559,447,371,413,413,332,321,318,329,304,306,354,952,461,419,296,313,309,308,329,308,309,308,300,478,553,372,306,313,310
330,308,307,308,322,470,437,327,852,809,395,325,307,308,306,314,308,464,323,1204,758,316,327,305,312,313,574,594,805,608,802,582,313,332,304,307,369,684,327,424,666,900,562,316,329,305,304,473,555,570,322,385,329,401,512,327,304,304,331,401,369,391,406,305,306,308,326,301,306,308,359,340,357,416,485,302,355,329,302,307,555,444,371,411,427,339,308,306,335,308,305,355,954,460,427,316,331,302,309,335,306,306,305,313,469,562,368,313,316,314
329,313,304,304,309,467,433,316,860,820,395,327,308,304,305,316,313,458,322,1184,769,312,327,304,308,308,569,601,803,606,793,577,309,329,306,307,365,691,318,419,667,901,553,316,327,306,302,473,555,562,318,381,295,419,513,327,300,306,323,408,365,395,407,314,302,314,329,304,306,309,375,341,359,414,502,318,354,329,306,306,555,449,374,413,420,354,317,313,327,308,304,347,944,454,414,318,292,300,309,327,304,313,304,318,475,545,357,293,299,306
327,306,307,307,318,461,437,316,858,818,395,326,307,304,308,306,318,475,331,1196,754,313,326,305,308,313,587,603,810,606,801,582,307,329,304,305,365,694,322,425,673,904,548,316,330,305,304,469,538,559,316,384,307,407,512,326,306,306,324,405,355,407,411,291,309,313,326,308,307,304,357,329,372,406,472,314,357,332,304,309,555,445,371,413,420,332,316,313,335,306,307,348,959,466,424,309,321,308,304,327,304,308,309,312,472,553,357,318,318,316
329,306,309,309,319,463,435,314,855,809,394,327,308,309,308,313,306,469,322,1194,758,314,327,307,304,308,594,601,796,605,811,576,308,329,306,307,367,694,323,434,676,898,566,308,335,304,304,469,562,569,309,391,280,406,508,335,302,304,329,409,367,395,411,302,315,313,329,309,306,307,357,331,373,411,488,307,348,336,306,305,555,441,372,409,411,340,304,300,326,304,305,348,962,472,439,313,313,318,308,327,305,310,306,307,476,553,373,327,319,313
326,308,308,316,331,454,435,327,852,819,399,326,302,308,309,310,315,467,317,1183,764,310,329,305,307,316,582,601,781,603,809,599,318,330,304,306,368,689,330,435,666,918,549,315,329,305,310,469,552,566,299,385,295,410,507,329,302,308,323,405,369,391,406,300,313,315,329,306,308,307,359,331,375,420,488,307,365,329,308,309,555,441,369,421,404,365,296,314,334,308,309,354,954,469,435,308,314,296,308,329,304,306,309,327,465,575,369,323,319,308
326,307,307,305,319,458,439,309,867,816,394,329,305,306,309,308,313,472,329,1199,767,313,330,307,302,314,568,599,801,614,803,582,308,329,304,304,365,692,313,424,667,922,561,319,329,308,306,475,555,567,323,393,308,418,513,327,304,308,329,404,369,390,409,302,308,316,327,309,311,308,368,337,372,411,480,306,353,327,306,307,555,438,374,424,414,341,315,309,329,305,301,348,959,463,424,302,331,299,314,329,308,304,309,308,470,546,368,316,306,317
327,307,305,302,307,458,436,318,854,822,394,327,304,304,306,321,314,472,323,1175,764,313,329,306,308,309,577,598,803,605,793,588,313,325,304,308,373,698,327,421,667,901,555,315,334,305,306,472,552,568,323,395,304,419,510,327,308,300,334,414,363,400,408,300,314,318,329,302,308,313,355,332,371,413,483,308,356,329,302,309,559,436,372,420,416,354,316,308,326,308,309,347,952,465,421,313,318,300,304,329,306,308,304,309,477,541,372,318,302,316
329,308,304,309,302,460,419,308,860,809,395,329,309,302,309,323,306,463,316,1188,765,308,329,306,306,304,582,613,811,599,794,576,306,326,304,305,369,693,328,420,676,907,547,313,326,307,308,468,552,568,305,382,295,413,513,336,309,308,323,409,373,394,411,319,309,308,327,307,308,306,369,342,372,425,510,309,354,329,306,304,562,444,381,404,400,346,306,305,336,308,308,341,955,461,418,319,300,313,306,327,306,304,302,308,483,537,362,299,318,313
326,306,308,306,331,465,420,318,867,814,393,330,306,302,305,317,316,473,334,1199,769,308,326,305,308,315,582,600,814,606,830,577,313,327,306,306,369,694,323,421,679,877,562,313,324,302,306,475,559,562,330,388,302,417,515,326,313,308,329,408,368,399,404,301,296,314,329,308,305,302,346,339,373,413,488,304,354,329,309,308,559,437,373,413,434,354,305,309,329,300,307,346,960,472,441,304,299,321,309,327,302,308,304,312,482,548,372,294,305,316
326,308,304,306,313,452,425,309,871,816,393,327,306,324,305,309,306,470,314,1191,772,308,329,302,312,302,588,598,814,603,809,577,309,327,307,315,372,692,323,418,676,902,538,318,334,305,309,462,556,547,323,386,313,413,513,329,306,306,328,413,361,408,413,308,309,309,329,300,308,308,368,345,368,418,505,315,356,329,302,306,555,436,372,408,406,342,316,309,326,304,308,348,959,462,414,332,309,302,304,329,306,304,295,314,463,540,369,286,295,307
326,309,306,307,314,463,427,313,867,816,393,327,308,347,306,323,309,451,322,1201,781,309,330,306,310,304,569,598,810,605,816,590,314,327,304,305,373,697,323,424,689,893,537,308,329,308,308,460,555,562,310,380,299,408,508,335,308,313,332,399,372,408,420,314,312,314,334,304,306,307,357,337,367,433,505,314,354,334,304,304,562,436,375,400,407,340,305,308,330,306,308,354,975,462,418,315,312,302,313,326,299,307,308,321,454,545,362,302,318,308
329,308,307,313,331,465,435,316,868,822,393,327,304,355,314,321,319,463,323,1209,781,313,336,305,307,304,579,613,815,609,822,598,313,329,306,309,368,693,315,414,692,898,554,316,326,302,306,460,561,573,309,382,299,400,507,335,304,308,318,404,368,420,418,313,299,314,327,304,306,308,360,338,381,436,497,321,348,326,306,308,555,450,368,413,416,336,302,308,327,304,309,354,982,464,434,307,306,311,302,326,304,309,308,306,447,552,371,319,319,318
326,308,308,311,323,457,434,316,861,827,395,335,306,345,308,318,306,469,316,1206,778,316,327,307,308,308,588,610,815,614,818,583,315,333,306,309,370,705,323,434,696,904,543,307,326,304,308,460,555,561,321,385,286,400,513,326,306,308,331,400,372,413,419,315,308,315,327,306,306,305,361,333,369,426,490,311,353,334,307,306,562,439,371,419,421,336,307,305,327,304,306,365,996,462,417,308,314,316,309,329,305,307,304,319,445,538,369,321,316,309
327,307,306,308,300,464,437,314,861,834,391,329,304,344,302,306,319,458,319,1206,777,309,329,308,308,308,580,600,816,601,781,579,308,326,306,309,370,693,323,408,696,898,546,315,330,304,308,460,563,562,328,384,296,400,508,329,302,308,331,413,373,413,424,356,295,313,329,306,306,309,357,345,368,436,513,306,357,329,302,308,564,450,371,406,408,348,301,313,329,304,300,354,982,462,420,304,314,308,314,329,304,306,305,316,445,546,356,299,308,314
329,308,308,308,319,463,449,313,869,861,391,326,306,354,304,313,317,473,316,1201,784,308,329,305,304,306,578,603,809,614,801,589,313,326,304,308,369,692,318,418,680,916,574,316,327,308,307,449,552,562,340,380,306,400,513,327,312,309,329,409,372,402,411,292,314,306,329,304,307,306,361,342,367,419,495,331,355,329,306,306,559,450,372,414,413,355,308,309,329,306,307,356,987,465,418,305,301,314,306,326,307,305,306,301,446,541,352,330,291,306
334,309,308,309,322,456,434,314,874,874,393,326,302,352,307,316,318,465,313,1206,781,314,327,306,309,308,598,603,814,603,806,578,310,329,304,308,373,694,321,418,689,917,554,308,326,306,308,449,563,559,313,381,299,404,502,329,302,304,327,396,369,408,424,322,304,317,329,306,306,304,362,344,367,421,469,316,351,326,308,308,566,445,362,394,393,340,332,304,335,308,308,354,986,460,404,316,306,314,306,329,305,308,304,313,421,535,344,329,302,313
329,308,305,307,313,477,446,317,865,865,396,329,309,354,308,319,306,463,316,1220,785,315,330,306,308,313,609,606,816,600,799,610,313,327,308,308,367,698,337,439,691,922,553,313,329,304,305,449,551,564,309,381,295,400,500,329,306,304,332,391,370,409,435,308,322,313,326,306,307,306,361,333,368,425,488,309,348,329,306,307,562,434,369,406,388,348,302,309,329,308,308,351,988,468,426,307,312,318,307,326,306,306,319,323,418,527,362,337,314,309
326,309,308,307,305,469,444,315,886,878,395,326,308,357,308,318,306,458,312,1213,790,309,329,304,309,306,575,601,833,600,806,601,308,329,307,309,371,680,316,421,689,933,554,315,330,308,307,446,526,555,318,390,308,391,508,329,304,315,331,411,368,409,414,318,308,312,329,306,304,343,381,352,359,419,516,331,355,326,306,306,533,452,390,419,420,360,304,313,336,302,304,352,1007,462,410,306,308,314,308,327,304,308,318,314,383,527,368,329,306,313
326,308,304,306,309,475,445,314,902,904,395,329,308,356,300,316,314,458,313,1201,785,313,327,306,306,308,580,599,842,599,820,599,308,327,304,308,370,689,332,433,694,932,554,314,330,307,307,460,541,563,319,390,305,411,503,327,307,306,332,404,375,414,420,301,315,317,329,302,304,313,369,347,345,420,513,310,360,329,304,302,530,447,391,425,413,360,317,306,329,302,304,352,1017,464,417,318,304,300,314,323,302,306,309,307,411,538,359,308,316,315
329,308,308,312,309,468,449,307,895,891,396,334,308,362,308,333,308,460,318,1206,794,308,329,304,308,309,572,605,834,593,785,589,313,326,308,308,372,689,313,441,680,947,551,313,329,306,306,451,535,571,324,371,286,391,507,326,299,308,328,388,373,411,425,304,299,314,326,304,306,313,361,348,348,419,507,318,348,327,307,304,540,442,386,409,411,331,323,309,329,307,314,353,1018,461,426,316,324,319,308,329,306,312,309,327,413,547,355,313,305,305
330,309,306,300,328,472,452,309,872,852,393,329,302,364,304,321,322,469,322,1211,769,308,333,306,305,309,578,603,822,603,815,592,313,326,302,308,370,698,302,427,691,904,529,308,326,307,308,457,530,566,317,383,313,386,503,329,308,304,329,393,376,436,423,313,316,321,329,302,305,306,361,342,361,418,477,292,352,334,307,309,538,447,391,415,421,321,309,308,329,308,309,353,1022,449,436,313,323,313,306,326,304,308,306,302,419,535,361,306,315,308
329,308,308,302,317,468,437,318,858,808,396,329,308,356,316,332,314,464,322,1173,765,308,325,306,308,313,579,593,816,592,792,589,308,327,306,305,371,692,319,426,678,912,537,318,326,304,308,463,547,551,318,384,304,382,505,327,304,308,324,404,369,400,402,307,318,306,327,304,307,309,360,332,354,411,476,305,355,330,307,309,521,452,393,411,417,361,317,312,325,304,308,348,986,477,418,302,318,314,310,327,306,313,308,304,446,527,346,290,299,310
329,305,305,316,307,460,420,311,861,792,390,329,308,343,307,318,298,445,322,1163,754,306,327,308,311,304,575,592,810,588,784,572,306,327,306,308,372,689,316,418,667,883,525,304,327,307,302,466,542,549,300,373,298,367,509,327,310,309,329,396,370,393,398,323,300,316,326,305,306,302,354,340,355,405,487,305,356,327,305,306,482,436,371,395,399,336,329,304,329,302,314,331,918,456,404,316,301,313,310,330,306,307,308,313,424,540,355,306,304,314
326,308,305,306,306,457,395,306,828,728,386,327,305,323,306,318,308,427,338,1163,741,312,326,308,309,309,577,582,781,576,746,562,308,329,308,308,368,692,323,413,653,860,507,315,327,308,309,457,529,555,304,380,300,370,504,334,308,305,318,395,369,398,395,344,315,309,327,304,308,304,344,321,365,408,487,300,352,329,306,306,488,436,368,384,400,315,308,305,329,306,304,322,877,451,400,316,313,318,317,327,308,302,309,319,411,541,360,316,321,318
326,313,307,302,314,458,409,322,828,721,391,327,304,306,301,316,308,449,337,1162,749,313,326,308,307,314,587,594,792,592,778,577,308,327,304,304,365,702,314,421,654,856,493,315,329,308,306,462,547,553,300,369,306,372,508,336,306,305,316,388,371,395,383,290,319,312,329,308,313,306,341,322,375,418,441,314,356,329,306,309,488,425,361,400,401,339,308,306,336,305,309,322,874,451,414,306,319,304,306,329,305,307,304,322,436,552,362,319,316,313
329,307,304,304,309,470,408,313,823,721,391,327,307,304,302,313,308,449,332,1147,740,306,326,306,312,304,574,588,778,594,790,577,307,327,306,302,365,693,321,421,663,874,503,317,325,304,304,460,537,555,316,380,313,375,508,333,304,308,322,388,365,373,386,308,296,313,327,309,302,311,354,340,347,408,456,309,355,329,308,306,490,439,370,405,404,365,314,311,326,306,306,328,874,445,411,313,286,318,307,337,304,300,308,302,451,555,353,295,299,308
327,306,309,305,309,450,426,308,842,726,395,329,306,307,305,309,313,457,339,1147,735,308,329,304,308,309,569,590,794,590,759,561,313,329,307,307,369,689,318,414,652,856,502,313,329,306,306,456,540,556,321,372,323,390,505,329,308,305,324,403,382,385,381,308,306,306,335,304,309,309,345,344,362,398,454,321,353,324,305,306,501,425,373,413,404,339,302,313,330,304,304,318,874,449,411,329,281,300,304,329,305,305,309,313,452,562,355,327,300,314
329,306,307,308,313,460,424,315,835,730,391,329,308,337,301,322,308,453,339,1163,744,308,326,308,308,299,577,577,800,589,764,575,308,326,304,308,365,694,319,426,663,883,503,316,327,308,305,460,541,561,304,380,280,381,503,329,306,306,323,381,372,400,408,323,306,313,335,302,308,308,368,334,369,405,482,302,354,329,305,306,507,427,373,395,401,344,304,308,329,306,304,322,900,449,404,328,323,306,313,327,309,312,306,314,450,542,352,313,315,309
327,304,308,313,323,458,419,315,837,732,391,336,304,341,309,328,316,464,339,1172,756,306,334,304,305,311,580,597,809,596,771,587,317,329,308,308,369,703,322,427,673,865,501,318,334,306,309,463,546,566,314,367,286,368,508,326,306,307,318,395,365,399,400,292,309,318,326,304,307,300,347,331,367,404,469,313,345,336,308,306,512,435,354,409,406,334,300,308,322,304,302,333,916,462,419,302,331,331,306,327,308,310,305,313,439,562,369,319,312,321
326,310,300,304,327,464,439,316,826,741,386,329,307,352,306,316,314,462,340,1163,746,309,327,304,306,308,582,578,802,599,767,583,313,327,300,302,369,702,330,421,677,856,505,316,327,304,308,462,554,563,340,390,318,385,503,326,309,306,323,402,370,409,411,313,317,316,336,309,309,308,360,340,365,396,463,308,342,329,306,306,517,438,361,413,401,356,313,316,329,302,309,339,917,450,420,317,328,314,308,330,304,309,302,307,447,559,359,313,308,316
327,306,308,302,313,466,441,309,859,754,396,327,304,354,307,313,313,456,331,1170,758,313,329,305,309,305,578,592,815,592,803,590,313,327,305,306,371,689,321,426,678,878,527,322,329,302,308,461,548,556,331,385,313,384,513,329,307,306,329,411,371,404,411,319,316,308,322,302,308,308,372,344,362,414,469,313,348,326,304,302,517,454,379,408,406,347,313,314,327,301,304,332,922,463,418,318,295,314,313,330,309,304,312,304,418,535,355,306,294,315
329,306,307,317,313,473,456,314,869,780,393,327,302,355,308,314,310,460,337,1163,765,308,329,305,307,308,574,591,803,594,802,578,314,326,306,307,372,695,323,424,678,869,526,314,329,305,307,452,541,552,322,385,329,394,510,327,308,306,322,411,367,404,401,296,290,308,329,304,309,313,353,338,368,400,475,300,354,334,306,304,521,449,381,409,419,352,319,314,329,308,308,339,943,465,413,308,308,300,302,329,308,305,305,295,421,540,352,300,299,312
329,307,309,308,316,472,426,316,848,781,391,329,306,344,302,308,318,470,331,1170,767,314,329,306,308,307,569,582,814,600,792,578,309,329,304,305,370,692,317,409,684,883,527,314,326,308,304,452,552,566,306,391,304,391,513,330,304,308,333,404,371,406,408,319,291,308,325,306,306,308,360,346,347,403,483,307,354,336,306,308,526,441,382,400,414,340,299,312,326,307,308,340,962,462,405,318,295,302,307,330,308,309,301,307,419,555,355,306,307,313
327,308,309,309,307,472,445,322,865,803,391,326,304,345,306,313,309,458,331,1170,766,307,329,308,308,301,569,590,816,601,811,596,313,335,305,306,369,698,331,434,689,869,537,317,329,304,304,456,555,562,306,381,302,398,513,327,309,307,330,405,373,411,413,329,315,313,326,306,307,307,359,357,361,418,484,318,357,327,304,313,535,457,381,413,413,334,337,308,327,302,308,334,962,466,411,308,290,306,309,327,304,305,299,310,419,542,368,293,305,309
329,308,306,313,302,469,437,314,861,800,394,327,307,357,309,318,316,462,332,1179,770,310,329,305,308,305,582,594,820,603,797,587,310,326,307,308,372,693,322,419,689,895,535,322,334,308,306,454,541,561,300,372,300,386,512,327,306,308,340,399,372,408,413,332,296,308,327,301,306,304,361,342,373,411,496,314,361,326,304,304,535,452,371,414,408,339,322,305,329,306,304,342,971,465,391,323,295,296,304,326,307,308,304,308,413,542,359,308,299,309
327,307,306,313,362,456,490,312,683,312,380,329,305,306,313,313,313,406,329,1170,464,312,327,302,304,318,644,588,856,579,980,576,410,327,306,309,457,693,342,454,479,935,564,400,327,308,308,540,522,730,616,490,340,332,487,329,304,306,483,627,629,958,486,294,386,309,327,308,308,357,371,353,450,739,449,354,322,327,304,305,502,388,329,481,613,327,306,315,327,306,302,552,368,345,497,665,316,308,305,326,301,308,793,396,542,741,333,317,309,313
324,308,306,304,331,462,488,308,705,315,381,327,308,307,309,313,308,391,312,1173,447,308,329,307,307,304,616,598,855,580,947,568,373,329,305,308,457,680,324,447,479,931,529,391,329,304,309,529,521,739,624,493,322,331,476,334,308,308,509,627,623,914,479,291,386,314,327,308,312,360,364,365,452,712,414,360,321,329,306,309,473,383,334,485,597,319,310,309,324,308,306,519,371,343,478,613,290,309,316,329,301,307,769,400,526,732,314,296,313,308
326,312,308,309,340,456,486,321,676,301,371,326,308,304,314,322,308,413,315,1170,447,309,327,306,307,310,652,600,869,598,957,568,383,327,306,308,457,684,343,470,498,910,540,393,327,306,306,524,536,735,625,483,294,336,472,329,304,308,498,625,624,935,488,309,387,313,327,306,305,348,365,357,452,720,426,357,318,326,307,308,465,376,314,464,601,313,305,300,336,306,302,524,369,359,493,572,317,313,316,334,304,308,778,391,526,725,308,334,318,318
327,305,307,305,354,477,509,327,680,313,379,329,308,301,304,308,314,419,318,1147,454,309,329,306,308,313,639,590,868,577,957,564,381,327,304,308,458,683,322,458,488,928,554,391,334,308,306,508,526,725,632,502,323,341,485,329,304,306,517,630,620,922,478,307,386,313,326,304,312,354,371,368,444,717,399,367,322,327,304,306,465,375,316,458,578,302,304,304,327,306,308,535,371,347,499,578,313,306,301,334,304,304,779,407,538,704,307,304,306,313
325,309,309,304,359,465,499,314,678,308,373,329,308,304,317,318,306,420,319,1163,466,313,327,306,307,313,652,614,869,594,923,573,384,335,306,308,463,693,317,456,488,925,551,399,329,306,306,521,546,732,644,485,314,321,480,329,305,304,510,621,631,922,483,314,383,316,329,305,304,354,369,370,424,726,394,369,323,324,308,304,460,391,327,473,592,342,306,309,336,302,304,535,371,353,495,574,321,313,317,327,301,308,799,413,529,721,314,300,313,309
326,313,306,304,360,473,508,313,689,308,371,327,308,306,305,330,318,421,331,1155,465,317,327,304,308,316,654,594,855,590,957,577,381,327,306,306,456,682,333,454,490,925,555,399,329,307,306,525,537,730,654,513,354,334,480,329,307,304,518,628,630,944,490,291,387,308,324,304,308,369,371,359,447,739,399,357,323,335,309,310,488,381,324,472,593,308,313,304,326,308,306,542,371,356,501,607,270,302,306,329,304,308,788,399,549,712,313,295,307,313
329,309,305,308,354,457,496,307,696,300,374,327,309,306,313,332,311,419,321,1166,465,313,329,304,306,329,640,610,867,599,944,574,386,329,304,308,460,695,330,482,488,921,555,399,326,306,304,541,541,746,624,488,281,332,477,329,306,307,513,630,631,932,497,315,388,308,329,304,308,355,353,370,460,747,419,359,322,334,308,306,486,372,318,472,607,324,316,313,329,300,304,537,365,342,497,644,319,322,313,329,302,308,779,406,529,724,315,328,308,317
334,305,308,313,364,451,517,319,689,314,373,329,304,308,307,317,314,438,319,1163,449,315,327,306,308,318,638,592,865,594,952,574,386,329,304,306,463,693,332,452,488,931,562,402,327,308,308,526,540,736,643,493,339,337,491,329,304,306,485,625,629,952,488,299,391,316,325,304,309,359,357,355,484,758,426,361,316,330,306,314,502,382,333,473,621,306,306,305,327,304,306,559,369,348,491,663,306,314,308,327,304,304,799,400,548,758,281,312,323,318
329,309,309,314,361,457,488,317,689,314,381,329,308,309,308,329,308,432,319,1175,452,318,330,304,308,313,644,596,874,596,962,566,375,327,306,308,465,696,327,473,497,928,553,401,329,308,308,541,537,756,623,491,331,334,477,329,304,308,505,632,632,947,498,333,385,314,326,305,308,371,344,369,463,732,424,365,331,326,305,308,495,386,340,486,618,331,307,316,330,308,308,552,367,355,497,632,321,308,310,329,302,313,801,413,526,736,321,318,319,318
326,306,306,306,359,461,507,305,692,308,381,329,308,308,314,323,305,437,308,1172,450,309,327,306,308,312,651,597,868,582,952,555,381,329,304,307,472,698,321,467,495,931,555,391,329,304,306,533,552,745,638,497,343,337,485,329,305,308,525,630,629,934,484,298,395,305,327,308,313,367,338,362,454,732,400,360,323,335,308,308,502,393,319,493,623,333,304,304,326,306,307,569,373,348,502,642,316,306,321,327,305,308,802,411,538,731,304,291,315,308
327,307,306,305,371,465,510,313,700,306,373,336,304,306,318,331,309,441,306,1175,452,313,329,306,308,321,643,590,861,601,959,569,385,329,302,306,457,689,339,472,494,948,555,398,327,305,308,529,548,750,645,497,330,332,476,326,305,308,513,640,632,954,497,316,385,314,329,308,306,361,356,361,469,750,446,367,323,329,304,306,510,388,329,469,620,305,313,313,330,304,308,562,369,339,503,636,339,308,308,329,299,302,809,411,539,735,308,318,305,317
327,308,307,318,371,461,513,316,705,308,374,329,306,302,313,319,308,457,323,1188,463,314,334,306,306,319,644,596,860,598,962,562,386,329,306,305,475,689,333,465,491,934,552,395,327,307,313,547,554,755,639,488,313,340,483,335,309,309,496,627,640,962,490,341,383,308,329,306,308,373,345,368,472,755,434,365,319,326,306,306,525,395,331,496,628,340,309,313,335,308,311,578,367,352,513,644,319,305,307,327,302,308,823,416,542,741,309,314,302,318
326,308,307,302,364,465,517,327,689,318,372,333,307,307,304,313,319,444,314,1183,450,313,329,305,305,318,640,598,865,594,978,572,385,334,304,309,456,693,345,465,482,947,555,395,327,308,305,536,539,749,640,501,333,333,483,336,307,308,497,639,627,972,493,334,385,313,327,304,302,359,348,352,473,745,436,359,322,327,302,304,522,386,328,488,620,311,308,307,338,308,306,569,369,359,509,650,306,313,310,329,304,316,815,406,548,746,352,295,300,317
329,308,308,305,359,465,508,328,710,310,371,329,308,309,308,317,295,413,318,1175,451,309,329,306,308,309,653,592,874,593,957,567,381,329,304,305,469,683,323,450,491,932,548,399,330,304,304,549,548,756,627,495,333,334,487,334,313,313,503,649,629,946,476,319,382,310,326,307,306,368,354,362,466,740,408,345,331,329,307,304,525,390,348,490,628,322,308,308,327,307,301,569,373,359,503,657,306,308,313,327,304,307,818,413,552,740,318,302,308,314
326,309,306,308,369,463,504,308,702,309,372,327,308,308,314,323,310,410,322,1186,445,313,329,304,302,321,650,600,871,593,960,561,375,329,306,304,460,693,328,461,506,922,551,396,327,308,309,555,548,759,629,497,321,339,479,329,308,306,513,639,631,960,487,314,386,313,327,306,309,373,360,372,466,742,426,369,321,326,308,306,513,399,345,470,623,341,313,309,334,306,306,574,368,355,506,649,314,316,314,336,300,318,816,409,547,740,305,334,318,318
327,308,308,314,359,469,509,327,705,309,374,324,307,306,309,317,313,436,317,1184,447,309,327,304,308,316,650,589,871,598,958,564,380,329,307,304,457,684,340,458,485,959,548,395,334,309,308,541,548,741,631,500,328,329,485,335,306,306,513,644,627,962,484,308,393,309,334,304,310,382,341,359,465,742,433,359,327,329,302,306,515,380,345,484,630,314,305,308,325,306,309,572,375,360,488,666,293,304,308,329,304,307,814,411,546,741,321,324,304,323
327,336,309,318,357,452,513,312,689,305,375,329,306,313,313,322,306,426,330,1183,439,313,327,306,308,318,644,575,878,588,978,561,383,329,306,309,457,702,322,467,483,931,548,400,329,308,305,541,551,747,624,493,316,332,485,335,306,306,498,619,640,934,503,332,391,314,326,305,308,360,367,361,469,755,427,380,322,335,302,304,486,386,334,476,625,331,316,308,336,305,308,553,361,339,508,642,323,304,309,327,306,308,801,396,542,715,323,318,304,315
324,436,304,314,348,456,473,319,678,314,374,329,356,300,314,333,309,408,321,1170,436,314,329,434,308,313,596,575,858,592,966,549,382,336,308,306,436,689,322,465,497,922,552,400,326,306,306,525,540,740,577,464,311,345,478,326,309,309,504,601,631,947,487,348,372,314,329,304,309,342,359,361,432,755,404,368,328,329,304,309,420,369,314,400,620,338,315,309,326,304,304,496,313,306,491,580,302,314,313,327,299,313,782,380,463,625,313,319,309,314
327,449,342,306,348,457,463,316,698,309,373,327,460,306,317,323,308,404,321,1166,441,313,330,465,313,308,607,569,865,601,948,555,375,329,317,308,420,693,333,463,488,931,547,400,326,306,304,547,562,740,562,456,317,337,479,326,305,308,522,607,627,948,465,342,380,309,327,306,308,354,359,352,420,755,409,370,324,336,308,307,406,369,314,454,629,346,302,309,326,306,306,499,314,304,482,605,309,306,308,336,309,306,781,386,481,620,314,319,314,309
329,418,313,308,355,465,479,321,683,316,368,335,306,313,308,323,317,411,329,1173,444,318,327,309,306,323,614,571,867,600,954,554,380,329,306,308,410,689,342,461,500,931,552,406,327,305,309,523,559,739,613,473,315,331,473,329,304,309,510,601,623,953,478,331,381,308,327,306,307,348,344,365,451,750,413,352,318,335,304,308,452,361,309,450,643,319,309,306,329,299,308,521,339,328,500,619,289,306,309,326,307,313,782,399,518,697,374,323,314,314
326,385,308,313,345,465,473,315,714,322,373,329,308,308,316,319,304,414,313,1175,437,313,329,305,308,313,632,574,872,592,957,558,380,336,306,309,410,693,339,456,477,944,549,400,326,306,304,527,549,751,607,479,331,337,484,329,302,308,498,627,629,959,478,313,385,313,329,304,308,376,354,360,462,740,419,360,323,326,308,306,484,384,342,484,631,345,305,309,337,308,308,561,359,348,498,644,304,312,309,327,312,319,803,404,530,703,301,318,305,319
329,371,308,308,359,464,513,307,696,318,372,334,306,304,305,316,316,425,308,1172,441,316,327,304,306,319,631,574,861,600,974,559,385,334,306,308,417,691,340,472,486,962,556,400,329,305,305,540,545,746,613,486,302,340,480,329,306,304,496,630,625,959,479,314,391,313,329,308,309,362,357,390,462,746,419,354,318,329,305,307,515,371,334,475,645,332,306,308,327,304,307,569,380,360,495,658,323,305,304,326,300,306,799,394,548,730,318,309,317,313
327,372,307,299,344,473,487,329,711,329,378,327,308,310,313,313,316,408,316,1183,435,313,329,307,302,313,614,566,877,598,957,552,375,327,305,313,418,680,330,446,488,947,555,402,327,309,304,541,540,745,614,488,328,334,486,336,307,308,498,627,623,963,477,313,384,309,329,307,308,359,354,365,466,746,402,360,322,327,305,304,517,380,323,496,640,319,304,313,327,306,302,561,370,368,513,662,294,308,313,330,308,302,803,395,548,724,302,291,308,317
329,368,307,302,343,462,505,313,694,327,369,327,307,308,300,313,308,404,309,1175,438,313,326,306,306,319,627,568,877,583,969,555,380,336,305,308,420,693,327,454,466,947,555,400,329,304,304,538,547,750,624,502,323,346,485,335,307,312,496,640,627,962,486,307,394,308,334,304,304,359,353,375,473,758,404,356,322,329,309,306,518,395,316,497,644,307,307,307,326,306,312,564,387,370,507,666,310,309,308,329,306,315,805,406,555,730,313,309,300,314
335,370,308,307,342,461,513,306,710,322,370,327,308,306,313,331,316,409,314,1173,447,308,327,308,309,313,649,568,873,601,957,555,379,335,308,305,433,694,328,445,497,936,548,396,326,304,309,548,559,754,625,503,329,346,480,336,305,306,512,638,638,955,482,309,389,314,326,308,299,348,356,372,478,758,425,348,319,326,304,309,516,395,334,496,638,318,304,304,324,306,307,573,373,362,488,663,290,306,305,329,302,306,796,396,552,740,308,292,308,309
327,362,305,319,348,445,490,308,704,312,368,326,305,307,299,331,295,424,318,1189,450,307,336,305,306,313,625,569,872,605,974,562,388,329,307,304,421,702,329,456,496,974,549,398,327,306,308,538,541,755,604,486,308,340,480,327,306,308,501,639,640,952,484,313,388,308,329,301,309,349,356,375,475,746,436,348,329,327,304,304,510,393,342,488,625,339,306,321,335,306,306,561,365,363,517,678,309,314,312,329,304,313,797,407,547,733,305,321,304,308
326,369,307,304,345,445,502,299,713,314,372,329,312,308,299,321,304,408,313,1185,445,308,329,307,306,313,643,563,868,593,962,552,375,334,313,305,418,692,329,460,488,931,542,400,329,304,308,548,552,747,607,490,304,340,483,335,311,306,502,640,640,957,485,332,380,309,334,306,309,365,360,386,457,755,437,355,328,329,306,314,500,393,329,485,633,333,308,307,326,307,305,552,372,352,517,665,304,319,308,326,306,310,788,406,548,721,317,339,313,311
329,359,306,316,346,447,493,319,700,313,372,326,313,306,318,316,306,413,308,1185,457,314,327,304,308,327,630,563,877,607,974,559,370,334,306,308,418,694,324,451,488,944,548,401,329,307,304,548,567,755,613,486,319,336,484,327,306,308,515,631,636,974,488,328,391,313,329,306,305,368,372,391,469,759,425,371,322,326,306,307,502,393,334,477,640,342,313,313,334,307,302,555,371,357,517,663,334,315,306,326,301,309,784,406,540,735,316,323,308,313
329,359,308,309,352,439,493,309,711,322,371,329,310,313,308,322,309,382,305,1184,456,312,336,308,308,315,630,556,865,592,982,558,381,329,306,307,433,703,322,485,487,937,547,396,329,307,309,545,561,746,613,488,306,339,484,329,306,309,510,636,628,952,487,315,388,308,335,306,306,372,369,381,464,756,419,352,322,329,307,308,507,394,334,509,649,323,308,310,329,306,310,561,375,359,512,676,313,306,313,336,304,305,778,406,555,729,314,281,314,314
329,365,306,305,348,447,502,314,693,316,375,327,305,313,306,309,322,413,300,1149,444,306,327,304,304,314,644,556,865,592,972,554,374,329,305,308,420,689,323,462,485,969,540,404,329,308,306,540,552,745,617,504,307,339,484,329,306,304,513,642,632,967,465,313,393,313,329,307,314,356,361,369,472,750,413,355,322,325,307,309,508,387,337,463,639,289,315,304,327,306,308,562,391,356,500,683,316,306,309,327,304,309,780,399,555,744,322,293,302,319
329,371,306,308,368,450,525,307,692,313,373,335,306,308,308,323,316,436,316,1185,452,307,335,305,308,327,630,554,861,605,984,554,382,336,309,308,418,693,332,466,480,947,552,401,327,306,307,549,561,747,613,488,332,332,486,329,302,308,513,628,633,978,496,338,388,313,327,304,306,357,356,371,487,759,452,362,323,334,304,309,521,381,322,488,631,314,308,308,329,304,308,577,390,368,514,680,318,308,305,329,304,307,781,418,559,746,330,302,304,318
326,369,306,313,359,450,513,314,702,309,371,329,304,307,302,323,318,408,329,1175,450,311,327,307,308,323,657,561,886,601,996,555,380,329,304,308,419,694,332,463,505,944,555,395,329,304,306,559,564,754,605,499,313,329,487,327,308,308,508,630,636,958,488,319,371,308,326,306,307,362,375,371,473,756,451,361,328,329,306,306,513,390,324,486,643,323,313,313,326,306,302,553,375,348,517,680,306,313,307,327,304,307,790,405,551,747,318,308,304,318
329,371,313,300,348,445,513,323,702,329,375,334,309,309,301,316,308,418,313,1172,447,313,327,308,309,319,625,555,868,577,978,548,386,329,306,304,432,694,316,449,488,957,555,400,326,306,308,549,569,751,618,500,344,334,487,329,306,304,515,643,625,980,480,319,386,309,327,306,306,355,367,381,485,750,420,356,322,326,305,307,518,381,318,486,647,327,306,306,336,304,316,569,371,375,504,683,318,300,313,329,306,306,788,405,555,756,304,304,306,314
326,369,313,313,361,445,498,313,693,313,363,329,307,308,299,329,306,418,317,1186,457,309,336,313,307,319,649,562,877,600,959,555,388,329,306,305,434,700,334,462,487,933,551,396,329,304,304,562,569,758,599,498,302,340,487,327,306,307,510,631,644,958,495,321,385,314,329,306,307,361,370,385,472,758,426,356,321,329,308,304,513,391,337,504,639,342,302,316,326,309,308,564,388,365,517,676,331,308,315,326,302,300,796,414,551,726,318,323,313,314
326,371,306,306,357,447,513,322,712,322,372,334,309,308,315,321,312,418,318,1173,447,313,329,304,305,308,629,568,877,594,975,553,381,329,307,306,420,693,332,453,488,960,551,406,327,308,305,559,561,746,614,490,352,340,493,336,304,306,513,639,642,968,480,316,394,313,327,304,308,361,364,362,497,755,445,354,319,329,308,308,525,379,327,479,650,336,306,314,326,308,302,555,375,372,504,676,300,299,308,327,308,306,780,396,561,756,309,314,305,316
327,368,304,308,362,451,508,316,694,318,374,329,308,316,308,312,306,423,318,1185,452,312,326,309,308,314,643,573,835,604,978,566,386,329,308,304,425,705,338,469,487,943,545,404,329,306,308,559,572,755,614,488,312,337,488,334,305,308,509,632,627,974,491,309,391,314,326,306,304,357,363,362,485,754,421,371,322,327,307,309,524,386,330,472,647,306,309,308,326,304,304,561,373,355,513,693,312,309,308,327,300,309,785,400,559,746,319,313,304,316
327,370,306,307,367,456,496,316,697,323,369,329,305,304,309,319,300,421,322,1196,450,309,326,306,306,316,644,563,869,599,966,562,383,336,305,305,424,694,332,464,496,931,542,396,329,301,306,561,562,758,629,488,340,329,488,327,306,310,504,631,644,969,497,319,386,311,329,307,308,353,365,369,483,764,451,362,322,334,307,305,527,383,328,490,639,309,306,309,335,304,308,575,374,367,516,671,316,314,300,326,308,308,805,413,552,754,319,329,313,318
329,371,308,318,355,461,510,318,669,318,372,329,305,300,323,317,313,437,323,1188,441,313,326,308,307,321,657,574,868,614,987,562,381,334,305,307,434,702,337,472,488,943,555,399,330,307,306,555,562,757,623,495,318,334,488,327,306,308,500,632,649,975,505,334,388,314,327,306,313,368,367,381,485,758,427,372,327,327,304,309,523,386,334,491,636,348,306,314,329,306,304,568,368,357,527,665,304,309,310,329,300,313,801,400,561,741,319,317,308,314
326,371,313,314,348,451,488,316,693,312,372,327,304,307,316,331,300,421,322,1186,451,314,327,306,306,319,645,574,874,610,963,562,385,336,308,313,436,710,333,463,488,964,554,404,330,304,307,567,568,756,605,490,286,340,480,326,306,306,504,630,639,975,486,322,386,314,329,306,305,365,367,361,479,755,409,368,323,329,307,300,525,385,328,490,640,343,313,309,335,302,304,573,379,367,510,676,302,313,308,327,306,308,799,406,552,750,314,309,318,312
327,370,307,298,361,456,516,317,693,323,369,335,302,308,302,308,314,436,308,1183,445,308,329,306,308,313,631,566,865,605,968,555,381,329,304,306,418,695,317,462,484,944,555,398,326,306,308,564,556,755,610,488,331,348,488,329,306,306,513,642,631,962,486,304,395,313,334,309,310,354,361,368,470,741,406,361,321,326,306,306,523,374,331,501,644,339,298,306,326,306,309,573,370,372,518,691,304,314,309,329,306,304,792,408,555,754,323,299,310,313
326,370,309,309,352,452,501,313,723,323,375,329,309,308,314,319,307,408,318,1188,450,312,336,314,307,314,645,573,877,600,963,553,383,336,306,313,434,703,337,454,498,944,549,395,330,307,304,564,562,754,605,498,319,343,485,327,309,308,505,639,632,963,502,327,396,309,329,306,309,369,371,376,477,756,437,360,328,327,304,308,517,396,340,498,644,322,301,306,329,308,308,573,387,372,510,669,295,314,316,326,304,313,794,409,547,756,314,315,313,315